lat,lng,elevation_m
18.9,72.78,2.0
18.9,72.783,0.9
18.9,72.786,1.6
18.9,72.789,0.8
18.9,72.792,2.1
18.9,72.795,0.8
18.9,72.798,1.6
18.9,72.801,1.2
18.9,72.804,1.8
18.9,72.807,1.6
18.9,72.81,1.9
18.9,72.813,0.9
18.9,72.816,0.8
18.9,72.819,1.1
18.9,72.822,1.4
18.9,72.825,2.1
18.9,72.828,1.2
18.9,72.831,2.0
18.9,72.834,3.0
18.9,72.837,2.7
18.9,72.84,2.7
18.9,72.843,2.8
18.9,72.846,3.1
18.9,72.849,2.4
18.9,72.852,3.3
18.9,72.855,2.6
18.9,72.858,2.4
18.9,72.861,3.1
18.9,72.864,4.2
18.9,72.867,3.1
18.9,72.87,4.1
18.9,72.873,3.2
18.9,72.876,3.2
18.9,72.879,4.7
18.9,72.882,3.6
18.9,72.885,4.0
18.9,72.888,4.6
18.9,72.891,3.8
18.9,72.894,4.6
18.9,72.897,4.6
18.9,72.9,5.0
18.9,72.903,4.3
18.9,72.906,4.9
18.9,72.909,4.8
18.9,72.912,4.5
18.9,72.915,4.7
18.9,72.918,5.9
18.9,72.921,6.1
18.9,72.924,5.0
18.9,72.927,5.9
18.9,72.93,6.2
18.9,72.933,5.3
18.9,72.936,5.5
18.9,72.939,6.2
18.9,72.942,5.9
18.9,72.945,6.3
18.9,72.948,6.5
18.9,72.951,6.0
18.9,72.954,7.3
18.9,72.957,7.5
18.9,72.96,7.2
18.9,72.963,7.2
18.9,72.966,7.8
18.9,72.969,8.1
18.9,72.972,7.0
18.9,72.975,7.4
18.9,72.978,7.7
18.903,72.78,1.7
18.903,72.783,1.8
18.903,72.786,0.8
18.903,72.789,1.5
18.903,72.792,2.2
18.903,72.795,1.1
18.903,72.798,1.1
18.903,72.801,0.8
18.903,72.804,2.2
18.903,72.807,1.6
18.903,72.81,1.2
18.903,72.813,2.0
18.903,72.816,1.2
18.903,72.819,2.1
18.903,72.822,2.1
18.903,72.825,1.5
18.903,72.828,1.4
18.903,72.831,2.1
18.903,72.834,2.9
18.903,72.837,2.5
18.903,72.84,2.1
18.903,72.843,2.3
18.903,72.846,2.0
18.903,72.849,3.1
18.903,72.852,2.9
18.903,72.855,3.6
18.903,72.858,3.0
18.903,72.861,2.7
18.903,72.864,2.6
18.903,72.867,2.7
18.903,72.87,4.4
18.903,72.873,3.3
18.903,72.876,3.7
18.903,72.879,4.4
18.903,72.882,4.3
18.903,72.885,4.2
18.903,72.888,5.1
18.903,72.891,4.9
18.903,72.894,5.3
18.903,72.897,3.9
18.903,72.9,4.5
18.903,72.903,4.7
18.903,72.906,5.4
18.903,72.909,5.0
18.903,72.912,4.8
18.903,72.915,5.6
18.903,72.918,5.6
18.903,72.921,6.3
18.903,72.924,6.4
18.903,72.927,5.9
18.903,72.93,6.4
18.903,72.933,5.7
18.903,72.936,5.6
18.903,72.939,6.7
18.903,72.942,6.5
18.903,72.945,5.8
18.903,72.948,7.4
18.903,72.951,7.0
18.903,72.954,6.5
18.903,72.957,7.3
18.903,72.96,6.4
18.903,72.963,7.5
18.903,72.966,8.1
18.903,72.969,8.1
18.903,72.972,7.0
18.903,72.975,8.0
18.903,72.978,8.5
18.906,72.78,0.8
18.906,72.783,1.9
18.906,72.786,0.8
18.906,72.789,1.6
18.906,72.792,1.6
18.906,72.795,0.8
18.906,72.798,0.9
18.906,72.801,1.1
18.906,72.804,1.9
18.906,72.807,1.8
18.906,72.81,1.2
18.906,72.813,0.8
18.906,72.816,1.7
18.906,72.819,1.6
18.906,72.822,1.4
18.906,72.825,2.5
18.906,72.828,1.5
18.906,72.831,1.3
18.906,72.834,1.6
18.906,72.837,1.6
18.906,72.84,2.0
18.906,72.843,2.9
18.906,72.846,2.1
18.906,72.849,2.6
18.906,72.852,2.3
18.906,72.855,2.6
18.906,72.858,3.3
18.906,72.861,2.7
18.906,72.864,3.8
18.906,72.867,3.7
18.906,72.87,3.4
18.906,72.873,3.2
18.906,72.876,4.4
18.906,72.879,3.3
18.906,72.882,3.3
18.906,72.885,4.9
18.906,72.888,4.7
18.906,72.891,4.6
18.906,72.894,4.2
18.906,72.897,5.0
18.906,72.9,5.3
18.906,72.903,4.9
18.906,72.906,4.4
18.906,72.909,4.6
18.906,72.912,4.9
18.906,72.915,5.3
18.906,72.918,5.1
18.906,72.921,5.1
18.906,72.924,6.1
18.906,72.927,6.0
18.906,72.93,6.3
18.906,72.933,6.3
18.906,72.936,5.6
18.906,72.939,6.9
18.906,72.942,6.2
18.906,72.945,6.5
18.906,72.948,6.8
18.906,72.951,6.3
18.906,72.954,7.7
18.906,72.957,7.8
18.906,72.96,7.4
18.906,72.963,7.9
18.906,72.966,8.2
18.906,72.969,7.6
18.906,72.972,7.6
18.906,72.975,8.0
18.906,72.978,7.5
18.909,72.78,0.8
18.909,72.783,0.8
18.909,72.786,0.8
18.909,72.789,2.0
18.909,72.792,2.1
18.909,72.795,1.4
18.909,72.798,0.9
18.909,72.801,2.1
18.909,72.804,0.8
18.909,72.807,1.2
18.909,72.81,0.9
18.909,72.813,1.0
18.909,72.816,1.6
18.909,72.819,2.2
18.909,72.822,1.6
18.909,72.825,1.2
18.909,72.828,1.2
18.909,72.831,2.1
18.909,72.834,1.6
18.909,72.837,1.5
18.909,72.84,2.4
18.909,72.843,1.8
18.909,72.846,2.2
18.909,72.849,2.7
18.909,72.852,3.0
18.909,72.855,2.9
18.909,72.858,3.5
18.909,72.861,3.9
18.909,72.864,2.9
18.909,72.867,2.9
18.909,72.87,3.2
18.909,72.873,3.3
18.909,72.876,3.7
18.909,72.879,3.5
18.909,72.882,4.7
18.909,72.885,3.5
18.909,72.888,4.5
18.909,72.891,3.7
18.909,72.894,4.5
18.909,72.897,4.2
18.909,72.9,5.0
18.909,72.903,4.4
18.909,72.906,4.8
18.909,72.909,5.1
18.909,72.912,4.8
18.909,72.915,5.2
18.909,72.918,5.2
18.909,72.921,5.4
18.909,72.924,5.0
18.909,72.927,6.0
18.909,72.93,5.6
18.909,72.933,5.5
18.909,72.936,6.2
18.909,72.939,6.2
18.909,72.942,6.9
18.909,72.945,6.2
18.909,72.948,6.4
18.909,72.951,6.3
18.909,72.954,7.4
18.909,72.957,7.8
18.909,72.96,7.8
18.909,72.963,7.4
18.909,72.966,7.5
18.909,72.969,7.1
18.909,72.972,7.5
18.909,72.975,7.8
18.909,72.978,8.5
18.912,72.78,0.9
18.912,72.783,1.4
18.912,72.786,1.3
18.912,72.789,0.8
18.912,72.792,1.3
18.912,72.795,2.0
18.912,72.798,1.0
18.912,72.801,1.3
18.912,72.804,1.0
18.912,72.807,2.1
18.912,72.81,2.1
18.912,72.813,2.1
18.912,72.816,2.1
18.912,72.819,1.4
18.912,72.822,1.0
18.912,72.825,2.6
18.912,72.828,2.3
18.912,72.831,2.0
18.912,72.834,2.0
18.912,72.837,2.1
18.912,72.84,2.9
18.912,72.843,2.8
18.912,72.846,2.0
18.912,72.849,2.8
18.912,72.852,2.2
18.912,72.855,3.4
18.912,72.858,3.4
18.912,72.861,3.1
18.912,72.864,2.9
18.912,72.867,3.3
18.912,72.87,3.2
18.912,72.873,4.5
18.912,72.876,3.1
18.912,72.879,4.2
18.912,72.882,3.5
18.912,72.885,4.1
18.912,72.888,4.4
18.912,72.891,4.6
18.912,72.894,5.3
18.912,72.897,4.6
18.912,72.9,4.2
18.912,72.903,5.2
18.912,72.906,4.5
18.912,72.909,5.8
18.912,72.912,5.5
18.912,72.915,5.7
18.912,72.918,4.7
18.912,72.921,5.8
18.912,72.924,5.6
18.912,72.927,6.2
18.912,72.93,6.0
18.912,72.933,5.8
18.912,72.936,6.6
18.912,72.939,6.7
18.912,72.942,6.7
18.912,72.945,6.7
18.912,72.948,6.3
18.912,72.951,7.1
18.912,72.954,7.2
18.912,72.957,6.8
18.912,72.96,7.9
18.912,72.963,7.3
18.912,72.966,8.1
18.912,72.969,7.3
18.912,72.972,7.0
18.912,72.975,7.6
18.912,72.978,7.9
18.915,72.78,0.8
18.915,72.783,1.2
18.915,72.786,1.6
18.915,72.789,1.7
18.915,72.792,1.5
18.915,72.795,1.8
18.915,72.798,0.8
18.915,72.801,1.1
18.915,72.804,1.5
18.915,72.807,1.6
18.915,72.81,1.8
18.915,72.813,1.8
18.915,72.816,2.0
18.915,72.819,1.9
18.915,72.822,2.1
18.915,72.825,2.2
18.915,72.828,1.6
18.915,72.831,2.7
18.915,72.834,2.2
18.915,72.837,2.2
18.915,72.84,1.7
18.915,72.843,2.3
18.915,72.846,2.6
18.915,72.849,2.8
18.915,72.852,3.4
18.915,72.855,3.0
18.915,72.858,3.2
18.915,72.861,3.8
18.915,72.864,4.0
18.915,72.867,3.4
18.915,72.87,3.4
18.915,72.873,4.0
18.915,72.876,4.1
18.915,72.879,4.7
18.915,72.882,4.7
18.915,72.885,3.7
18.915,72.888,4.9
18.915,72.891,3.8
18.915,72.894,4.4
18.915,72.897,4.2
18.915,72.9,5.5
18.915,72.903,4.2
18.915,72.906,4.5
18.915,72.909,4.5
18.915,72.912,4.7
18.915,72.915,4.8
18.915,72.918,5.0
18.915,72.921,6.4
18.915,72.924,5.0
18.915,72.927,5.7
18.915,72.93,6.3
18.915,72.933,6.8
18.915,72.936,6.2
18.915,72.939,6.2
18.915,72.942,6.9
18.915,72.945,5.8
18.915,72.948,6.2
18.915,72.951,6.1
18.915,72.954,7.4
18.915,72.957,7.6
18.915,72.96,7.2
18.915,72.963,7.1
18.915,72.966,7.6
18.915,72.969,7.8
18.915,72.972,8.1
18.915,72.975,7.8
18.915,72.978,8.2
18.918,72.78,1.4
18.918,72.783,1.5
18.918,72.786,1.3
18.918,72.789,1.5
18.918,72.792,2.0
18.918,72.795,1.1
18.918,72.798,1.9
18.918,72.801,1.0
18.918,72.804,1.2
18.918,72.807,1.1
18.918,72.81,2.0
18.918,72.813,0.8
18.918,72.816,1.1
18.918,72.819,2.3
18.918,72.822,1.9
18.918,72.825,1.3
18.918,72.828,2.0
18.918,72.831,1.5
18.918,72.834,1.6
18.918,72.837,2.6
18.918,72.84,3.0
18.918,72.843,3.0
18.918,72.846,2.1
18.918,72.849,2.1
18.918,72.852,3.7
18.918,72.855,3.1
18.918,72.858,3.0
18.918,72.861,3.0
18.918,72.864,2.9
18.918,72.867,3.8
18.918,72.87,3.9
18.918,72.873,4.5
18.918,72.876,3.3
18.918,72.879,3.9
18.918,72.882,4.8
18.918,72.885,4.3
18.918,72.888,3.7
18.918,72.891,3.7
18.918,72.894,5.2
18.918,72.897,5.1
18.918,72.9,5.5
18.918,72.903,5.6
18.918,72.906,4.5
18.918,72.909,5.9
18.918,72.912,5.4
18.918,72.915,5.4
18.918,72.918,5.8
18.918,72.921,5.3
18.918,72.924,6.4
18.918,72.927,6.6
18.918,72.93,6.4
18.918,72.933,6.9
18.918,72.936,6.5
18.918,72.939,6.8
18.918,72.942,6.8
18.918,72.945,7.3
18.918,72.948,6.5
18.918,72.951,6.2
18.918,72.954,6.9
18.918,72.957,6.3
18.918,72.96,7.5
18.918,72.963,6.7
18.918,72.966,6.7
18.918,72.969,7.7
18.918,72.972,7.2
18.918,72.975,7.6
18.918,72.978,7.6
18.921,72.78,1.6
18.921,72.783,0.9
18.921,72.786,1.4
18.921,72.789,1.9
18.921,72.792,1.8
18.921,72.795,0.9
18.921,72.798,0.8
18.921,72.801,2.0
18.921,72.804,1.7
18.921,72.807,2.1
18.921,72.81,2.2
18.921,72.813,1.2
18.921,72.816,1.4
18.921,72.819,1.7
18.921,72.822,1.7
18.921,72.825,1.1
18.921,72.828,2.2
18.921,72.831,1.9
18.921,72.834,2.5
18.921,72.837,2.2
18.921,72.84,2.2
18.921,72.843,1.7
18.921,72.846,2.4
18.921,72.849,2.5
18.921,72.852,2.8
18.921,72.855,3.1
18.921,72.858,2.7
18.921,72.861,3.9
18.921,72.864,3.7
18.921,72.867,3.3
18.921,72.87,3.5
18.921,72.873,3.2
18.921,72.876,4.2
18.921,72.879,4.6
18.921,72.882,4.4
18.921,72.885,4.1
18.921,72.888,4.9
18.921,72.891,4.6
18.921,72.894,4.0
18.921,72.897,4.4
18.921,72.9,5.6
18.921,72.903,5.0
18.921,72.906,4.8
18.921,72.909,5.9
18.921,72.912,5.4
18.921,72.915,5.2
18.921,72.918,4.7
18.921,72.921,5.9
18.921,72.924,5.4
18.921,72.927,5.4
18.921,72.93,5.9
18.921,72.933,6.2
18.921,72.936,6.9
18.921,72.939,5.9
18.921,72.942,7.0
18.921,72.945,6.3
18.921,72.948,6.7
18.921,72.951,7.4
18.921,72.954,6.6
18.921,72.957,7.2
18.921,72.96,7.2
18.921,72.963,7.7
18.921,72.966,7.0
18.921,72.969,8.0
18.921,72.972,7.1
18.921,72.975,7.5
18.921,72.978,8.1
18.924,72.78,1.6
18.924,72.783,0.8
18.924,72.786,1.7
18.924,72.789,1.1
18.924,72.792,0.9
18.924,72.795,2.1
18.924,72.798,1.6
18.924,72.801,0.8
18.924,72.804,1.8
18.924,72.807,1.4
18.924,72.81,2.2
18.924,72.813,1.6
18.924,72.816,1.2
18.924,72.819,1.5
18.924,72.822,1.6
18.924,72.825,1.4
18.924,72.828,2.2
18.924,72.831,2.8
18.924,72.834,2.7
18.924,72.837,2.1
18.924,72.84,2.8
18.924,72.843,1.7
18.924,72.846,2.3
18.924,72.849,2.9
18.924,72.852,2.3
18.924,72.855,2.9
18.924,72.858,3.4
18.924,72.861,3.0
18.924,72.864,2.6
18.924,72.867,3.3
18.924,72.87,3.8
18.924,72.873,4.4
18.924,72.876,3.1
18.924,72.879,3.6
18.924,72.882,4.3
18.924,72.885,3.5
18.924,72.888,3.8
18.924,72.891,4.6
18.924,72.894,5.0
18.924,72.897,4.8
18.924,72.9,4.3
18.924,72.903,4.6
18.924,72.906,4.7
18.924,72.909,5.7
18.924,72.912,5.8
18.924,72.915,5.0
18.924,72.918,5.8
18.924,72.921,5.4
18.924,72.924,5.8
18.924,72.927,5.6
18.924,72.93,5.4
18.924,72.933,5.5
18.924,72.936,5.9
18.924,72.939,6.8
18.924,72.942,6.3
18.924,72.945,7.3
18.924,72.948,6.2
18.924,72.951,6.4
18.924,72.954,7.0
18.924,72.957,7.6
18.924,72.96,7.7
18.924,72.963,7.4
18.924,72.966,7.7
18.924,72.969,8.3
18.924,72.972,8.2
18.924,72.975,8.1
18.924,72.978,8.2
18.927,72.78,1.9
18.927,72.783,1.3
18.927,72.786,2.1
18.927,72.789,0.8
18.927,72.792,0.8
18.927,72.795,0.8
18.927,72.798,1.2
18.927,72.801,1.7
18.927,72.804,0.8
18.927,72.807,1.3
18.927,72.81,2.2
18.927,72.813,1.4
18.927,72.816,2.2
18.927,72.819,1.0
18.927,72.822,1.4
18.927,72.825,2.2
18.927,72.828,1.3
18.927,72.831,1.4
18.927,72.834,2.5
18.927,72.837,2.6
18.927,72.84,2.1
18.927,72.843,2.1
18.927,72.846,3.4
18.927,72.849,2.6
18.927,72.852,3.3
18.927,72.855,2.4
18.927,72.858,2.4
18.927,72.861,3.2
18.927,72.864,3.2
18.927,72.867,3.0
18.927,72.87,2.9
18.927,72.873,4.0
18.927,72.876,4.0
18.927,72.879,3.9
18.927,72.882,4.7
18.927,72.885,3.5
18.927,72.888,4.0
18.927,72.891,3.7
18.927,72.894,3.9
18.927,72.897,4.1
18.927,72.9,5.0
18.927,72.903,5.1
18.927,72.906,4.6
18.927,72.909,5.4
18.927,72.912,4.5
18.927,72.915,4.8
18.927,72.918,5.9
18.927,72.921,5.3
18.927,72.924,5.9
18.927,72.927,5.6
18.927,72.93,6.6
18.927,72.933,6.6
18.927,72.936,6.4
18.927,72.939,6.4
18.927,72.942,5.8
18.927,72.945,7.1
18.927,72.948,7.1
18.927,72.951,6.9
18.927,72.954,7.3
18.927,72.957,7.8
18.927,72.96,6.7
18.927,72.963,7.7
18.927,72.966,6.6
18.927,72.969,7.9
18.927,72.972,8.4
18.927,72.975,8.5
18.927,72.978,8.5
18.93,72.78,1.4
18.93,72.783,1.7
18.93,72.786,0.9
18.93,72.789,1.7
18.93,72.792,0.8
18.93,72.795,1.9
18.93,72.798,2.2
18.93,72.801,1.3
18.93,72.804,1.4
18.93,72.807,1.3
18.93,72.81,1.8
18.93,72.813,1.1
18.93,72.816,1.4
18.93,72.819,1.6
18.93,72.822,1.7
18.93,72.825,1.6
18.93,72.828,1.6
18.93,72.831,2.4
18.93,72.834,1.5
18.93,72.837,2.3
18.93,72.84,2.2
18.93,72.843,2.5
18.93,72.846,3.0
18.93,72.849,3.1
18.93,72.852,3.4
18.93,72.855,2.6
18.93,72.858,3.0
18.93,72.861,4.0
18.93,72.864,3.2
18.93,72.867,4.1
18.93,72.87,4.2
18.93,72.873,4.2
18.93,72.876,4.5
18.93,72.879,3.7
18.93,72.882,3.3
18.93,72.885,4.5
18.93,72.888,4.6
18.93,72.891,4.3
18.93,72.894,4.6
18.93,72.897,5.0
18.93,72.9,4.2
18.93,72.903,4.8
18.93,72.906,5.4
18.93,72.909,5.9
18.93,72.912,5.7
18.93,72.915,6.0
18.93,72.918,5.0
18.93,72.921,5.4
18.93,72.924,5.3
18.93,72.927,5.4
18.93,72.93,6.6
18.93,72.933,6.0
18.93,72.936,5.8
18.93,72.939,6.2
18.93,72.942,6.5
18.93,72.945,7.0
18.93,72.948,7.1
18.93,72.951,7.0
18.93,72.954,7.4
18.93,72.957,7.6
18.93,72.96,7.9
18.93,72.963,7.1
18.93,72.966,7.7
18.93,72.969,8.3
18.93,72.972,8.5
18.93,72.975,7.8
18.93,72.978,7.4
18.933,72.78,1.3
18.933,72.783,0.8
18.933,72.786,1.4
18.933,72.789,1.0
18.933,72.792,2.1
18.933,72.795,0.8
18.933,72.798,1.8
18.933,72.801,1.9
18.933,72.804,1.4
18.933,72.807,0.8
18.933,72.81,0.9
18.933,72.813,1.6
18.933,72.816,1.2
18.933,72.819,1.2
18.933,72.822,1.9
18.933,72.825,2.2
18.933,72.828,2.2
18.933,72.831,2.1
18.933,72.834,2.1
18.933,72.837,2.2
18.933,72.84,2.1
18.933,72.843,2.5
18.933,72.846,2.6
18.933,72.849,2.8
18.933,72.852,3.4
18.933,72.855,3.1
18.933,72.858,2.3
18.933,72.861,3.7
18.933,72.864,4.1
18.933,72.867,4.1
18.933,72.87,3.0
18.933,72.873,3.6
18.933,72.876,4.4
18.933,72.879,3.9
18.933,72.882,3.3
18.933,72.885,3.7
18.933,72.888,4.6
18.933,72.891,4.9
18.933,72.894,5.2
18.933,72.897,4.1
18.933,72.9,4.7
18.933,72.903,4.6
18.933,72.906,4.9
18.933,72.909,5.6
18.933,72.912,5.4
18.933,72.915,5.4
18.933,72.918,5.6
18.933,72.921,5.7
18.933,72.924,5.7
18.933,72.927,6.0
18.933,72.93,5.5
18.933,72.933,5.4
18.933,72.936,5.9
18.933,72.939,6.5
18.933,72.942,6.3
18.933,72.945,6.9
18.933,72.948,7.1
18.933,72.951,6.5
18.933,72.954,6.3
18.933,72.957,7.2
18.933,72.96,6.6
18.933,72.963,7.1
18.933,72.966,7.9
18.933,72.969,7.7
18.933,72.972,8.1
18.933,72.975,8.0
18.933,72.978,7.7
18.936,72.78,1.3
18.936,72.783,2.2
18.936,72.786,1.3
18.936,72.789,0.8
18.936,72.792,1.0
18.936,72.795,1.0
18.936,72.798,1.1
18.936,72.801,0.8
18.936,72.804,1.7
18.936,72.807,2.0
18.936,72.81,0.8
18.936,72.813,0.9
18.936,72.816,1.5
18.936,72.819,0.8
18.936,72.822,1.9
18.936,72.825,1.7
18.936,72.828,1.9
18.936,72.831,1.9
18.936,72.834,1.4
18.936,72.837,2.2
18.936,72.84,1.6
18.936,72.843,2.2
18.936,72.846,2.8
18.936,72.849,2.5
18.936,72.852,2.2
18.936,72.855,3.0
18.936,72.858,3.4
18.936,72.861,2.8
18.936,72.864,3.4
18.936,72.867,4.0
18.936,72.87,3.9
18.936,72.873,3.2
18.936,72.876,3.5
18.936,72.879,4.7
18.936,72.882,3.6
18.936,72.885,4.4
18.936,72.888,5.1
18.936,72.891,3.8
18.936,72.894,5.1
18.936,72.897,4.2
18.936,72.9,4.4
18.936,72.903,4.6
18.936,72.906,5.2
18.936,72.909,5.6
18.936,72.912,5.5
18.936,72.915,6.1
18.936,72.918,5.9
18.936,72.921,5.8
18.936,72.924,5.9
18.936,72.927,5.5
18.936,72.93,6.1
18.936,72.933,6.2
18.936,72.936,6.1
18.936,72.939,6.1
18.936,72.942,5.8
18.936,72.945,7.1
18.936,72.948,6.7
18.936,72.951,6.5
18.936,72.954,7.2
18.936,72.957,6.8
18.936,72.96,7.1
18.936,72.963,6.9
18.936,72.966,7.5
18.936,72.969,7.8
18.936,72.972,7.8
18.936,72.975,8.4
18.936,72.978,8.1
18.939,72.78,1.4
18.939,72.783,0.9
18.939,72.786,1.4
18.939,72.789,1.7
18.939,72.792,1.9
18.939,72.795,2.1
18.939,72.798,1.0
18.939,72.801,1.6
18.939,72.804,1.9
18.939,72.807,2.0
18.939,72.81,2.1
18.939,72.813,2.1
18.939,72.816,1.8
18.939,72.819,0.9
18.939,72.822,1.2
18.939,72.825,1.7
18.939,72.828,1.5
18.939,72.831,2.4
18.939,72.834,2.6
18.939,72.837,2.8
18.939,72.84,2.3
18.939,72.843,3.1
18.939,72.846,3.3
18.939,72.849,3.0
18.939,72.852,3.4
18.939,72.855,2.6
18.939,72.858,2.8
18.939,72.861,2.7
18.939,72.864,3.7
18.939,72.867,3.1
18.939,72.87,3.2
18.939,72.873,3.2
18.939,72.876,3.1
18.939,72.879,4.4
18.939,72.882,3.8
18.939,72.885,4.2
18.939,72.888,5.1
18.939,72.891,4.3
18.939,72.894,5.2
18.939,72.897,4.2
18.939,72.9,4.4
18.939,72.903,4.2
18.939,72.906,5.5
18.939,72.909,4.8
18.939,72.912,5.4
18.939,72.915,5.6
18.939,72.918,4.8
18.939,72.921,6.0
18.939,72.924,6.2
18.939,72.927,5.2
18.939,72.93,6.6
18.939,72.933,5.8
18.939,72.936,5.9
18.939,72.939,5.7
18.939,72.942,7.2
18.939,72.945,7.2
18.939,72.948,7.0
18.939,72.951,7.5
18.939,72.954,6.8
18.939,72.957,7.6
18.939,72.96,7.7
18.939,72.963,6.9
18.939,72.966,7.6
18.939,72.969,7.6
18.939,72.972,7.1
18.939,72.975,8.1
18.939,72.978,8.0
18.942,72.78,1.8
18.942,72.783,1.4
18.942,72.786,1.4
18.942,72.789,0.8
18.942,72.792,1.6
18.942,72.795,1.8
18.942,72.798,1.1
18.942,72.801,1.9
18.942,72.804,1.8
18.942,72.807,1.9
18.942,72.81,1.8
18.942,72.813,2.1
18.942,72.816,1.0
18.942,72.819,0.9
18.942,72.822,1.2
18.942,72.825,1.4
18.942,72.828,1.8
18.942,72.831,2.6
18.942,72.834,1.4
18.942,72.837,2.3
18.942,72.84,2.7
18.942,72.843,1.9
18.942,72.846,2.7
18.942,72.849,2.7
18.942,72.852,2.5
18.942,72.855,2.6
18.942,72.858,3.6
18.942,72.861,2.7
18.942,72.864,3.3
18.942,72.867,3.3
18.942,72.87,3.3
18.942,72.873,4.0
18.942,72.876,4.5
18.942,72.879,3.2
18.942,72.882,4.5
18.942,72.885,4.7
18.942,72.888,3.6
18.942,72.891,5.1
18.942,72.894,4.8
18.942,72.897,4.3
18.942,72.9,4.6
18.942,72.903,5.1
18.942,72.906,5.4
18.942,72.909,5.8
18.942,72.912,5.6
18.942,72.915,5.5
18.942,72.918,5.1
18.942,72.921,5.5
18.942,72.924,5.0
18.942,72.927,6.6
18.942,72.93,6.7
18.942,72.933,6.8
18.942,72.936,5.9
18.942,72.939,7.1
18.942,72.942,6.9
18.942,72.945,6.3
18.942,72.948,7.3
18.942,72.951,6.3
18.942,72.954,6.9
18.942,72.957,6.8
18.942,72.96,7.7
18.942,72.963,7.6
18.942,72.966,7.9
18.942,72.969,7.2
18.942,72.972,7.0
18.942,72.975,8.2
18.942,72.978,7.9
18.945,72.78,1.8
18.945,72.783,2.1
18.945,72.786,1.1
18.945,72.789,1.3
18.945,72.792,2.1
18.945,72.795,0.8
18.945,72.798,0.9
18.945,72.801,1.0
18.945,72.804,0.8
18.945,72.807,1.3
18.945,72.81,1.8
18.945,72.813,1.5
18.945,72.816,1.2
18.945,72.819,1.9
18.945,72.822,2.1
18.945,72.825,2.0
18.945,72.828,1.4
18.945,72.831,1.9
18.945,72.834,2.4
18.945,72.837,1.5
18.945,72.84,1.9
18.945,72.843,2.2
18.945,72.846,2.8
18.945,72.849,2.1
18.945,72.852,2.5
18.945,72.855,3.3
18.945,72.858,3.5
18.945,72.861,3.5
18.945,72.864,2.8
18.945,72.867,3.6
18.945,72.87,3.5
18.945,72.873,4.4
18.945,72.876,3.8
18.945,72.879,4.6
18.945,72.882,3.5
18.945,72.885,3.7
18.945,72.888,4.5
18.945,72.891,4.2
18.945,72.894,4.2
18.945,72.897,4.0
18.945,72.9,4.6
18.945,72.903,4.7
18.945,72.906,4.8
18.945,72.909,5.7
18.945,72.912,5.4
18.945,72.915,4.6
18.945,72.918,4.8
18.945,72.921,5.7
18.945,72.924,5.9
18.945,72.927,5.4
18.945,72.93,5.3
18.945,72.933,6.1
18.945,72.936,5.9
18.945,72.939,6.9
18.945,72.942,5.8
18.945,72.945,6.8
18.945,72.948,6.9
18.945,72.951,6.3
18.945,72.954,7.7
18.945,72.957,6.6
18.945,72.96,7.3
18.945,72.963,6.5
18.945,72.966,7.5
18.945,72.969,8.0
18.945,72.972,8.4
18.945,72.975,8.3
18.945,72.978,7.9
18.948,72.78,1.0
18.948,72.783,0.9
18.948,72.786,2.1
18.948,72.789,1.9
18.948,72.792,1.0
18.948,72.795,1.8
18.948,72.798,1.2
18.948,72.801,1.3
18.948,72.804,0.9
18.948,72.807,0.9
18.948,72.81,1.9
18.948,72.813,1.8
18.948,72.816,0.9
18.948,72.819,1.0
18.948,72.822,2.1
18.948,72.825,1.0
18.948,72.828,2.7
18.948,72.831,1.6
18.948,72.834,2.1
18.948,72.837,1.9
18.948,72.84,2.5
18.948,72.843,2.8
18.948,72.846,2.0
18.948,72.849,2.7
18.948,72.852,3.5
18.948,72.855,3.8
18.948,72.858,3.0
18.948,72.861,2.8
18.948,72.864,3.2
18.948,72.867,3.4
18.948,72.87,3.8
18.948,72.873,3.0
18.948,72.876,3.9
18.948,72.879,3.2
18.948,72.882,4.8
18.948,72.885,4.2
18.948,72.888,4.1
18.948,72.891,4.6
18.948,72.894,4.8
18.948,72.897,5.2
18.948,72.9,5.1
18.948,72.903,5.4
18.948,72.906,4.2
18.948,72.909,5.2
18.948,72.912,5.1
18.948,72.915,6.2
18.948,72.918,5.8
18.948,72.921,5.1
18.948,72.924,6.4
18.948,72.927,5.1
18.948,72.93,5.5
18.948,72.933,5.6
18.948,72.936,6.2
18.948,72.939,6.1
18.948,72.942,6.4
18.948,72.945,5.9
18.948,72.948,7.1
18.948,72.951,6.7
18.948,72.954,6.6
18.948,72.957,6.8
18.948,72.96,8.0
18.948,72.963,7.3
18.948,72.966,8.2
18.948,72.969,7.2
18.948,72.972,7.5
18.948,72.975,7.7
18.948,72.978,8.6
18.951,72.78,1.0
18.951,72.783,1.9
18.951,72.786,2.1
18.951,72.789,1.4
18.951,72.792,1.3
18.951,72.795,0.9
18.951,72.798,1.8
18.951,72.801,1.4
18.951,72.804,2.1
18.951,72.807,1.5
18.951,72.81,2.1
18.951,72.813,1.6
18.951,72.816,1.3
18.951,72.819,1.1
18.951,72.822,1.0
18.951,72.825,1.3
18.951,72.828,1.9
18.951,72.831,1.5
18.951,72.834,2.1
18.951,72.837,1.7
18.951,72.84,3.0
18.951,72.843,2.5
18.951,72.846,2.5
18.951,72.849,3.5
18.951,72.852,3.0
18.951,72.855,2.9
18.951,72.858,2.5
18.951,72.861,3.6
18.951,72.864,2.8
18.951,72.867,3.2
18.951,72.87,3.1
18.951,72.873,3.4
18.951,72.876,4.4
18.951,72.879,4.4
18.951,72.882,4.6
18.951,72.885,4.3
18.951,72.888,4.6
18.951,72.891,4.0
18.951,72.894,5.4
18.951,72.897,3.9
18.951,72.9,5.2
18.951,72.903,4.4
18.951,72.906,5.7
18.951,72.909,4.8
18.951,72.912,5.3
18.951,72.915,4.8
18.951,72.918,5.2
18.951,72.921,5.3
18.951,72.924,6.5
18.951,72.927,5.3
18.951,72.93,5.8
18.951,72.933,6.8
18.951,72.936,5.6
18.951,72.939,6.1
18.951,72.942,5.7
18.951,72.945,6.5
18.951,72.948,7.1
18.951,72.951,6.8
18.951,72.954,7.2
18.951,72.957,6.7
18.951,72.96,7.5
18.951,72.963,7.0
18.951,72.966,6.7
18.951,72.969,7.8
18.951,72.972,7.6
18.951,72.975,8.5
18.951,72.978,8.7
18.954,72.78,2.1
18.954,72.783,1.9
18.954,72.786,0.8
18.954,72.789,2.0
18.954,72.792,1.9
18.954,72.795,1.1
18.954,72.798,1.9
18.954,72.801,1.8
18.954,72.804,1.5
18.954,72.807,1.6
18.954,72.81,0.8
18.954,72.813,1.0
18.954,72.816,1.0
18.954,72.819,2.0
18.954,72.822,1.5
18.954,72.825,1.0
18.954,72.828,1.5
18.954,72.831,1.9
18.954,72.834,2.0
18.954,72.837,2.5
18.954,72.84,3.1
18.954,72.843,2.0
18.954,72.846,2.3
18.954,72.849,3.2
18.954,72.852,3.3
18.954,72.855,3.7
18.954,72.858,3.8
18.954,72.861,3.4
18.954,72.864,3.1
18.954,72.867,2.8
18.954,72.87,3.4
18.954,72.873,3.2
18.954,72.876,3.8
18.954,72.879,3.8
18.954,72.882,3.7
18.954,72.885,4.4
18.954,72.888,3.7
18.954,72.891,4.3
18.954,72.894,4.3
18.954,72.897,4.2
18.954,72.9,5.0
18.954,72.903,4.3
18.954,72.906,5.1
18.954,72.909,5.9
18.954,72.912,5.6
18.954,72.915,5.6
18.954,72.918,5.9
18.954,72.921,6.3
18.954,72.924,5.8
18.954,72.927,6.1
18.954,72.93,5.3
18.954,72.933,6.1
18.954,72.936,5.6
18.954,72.939,6.8
18.954,72.942,6.2
18.954,72.945,7.4
18.954,72.948,7.0
18.954,72.951,6.5
18.954,72.954,6.6
18.954,72.957,7.0
18.954,72.96,7.3
18.954,72.963,7.4
18.954,72.966,8.1
18.954,72.969,7.6
18.954,72.972,7.7
18.954,72.975,7.7
18.954,72.978,7.9
18.957,72.78,1.8
18.957,72.783,1.9
18.957,72.786,1.2
18.957,72.789,1.5
18.957,72.792,1.8
18.957,72.795,0.8
18.957,72.798,1.8
18.957,72.801,1.3
18.957,72.804,1.9
18.957,72.807,1.9
18.957,72.81,0.8
18.957,72.813,1.3
18.957,72.816,1.8
18.957,72.819,1.3
18.957,72.822,2.0
18.957,72.825,2.2
18.957,72.828,1.8
18.957,72.831,2.5
18.957,72.834,1.9
18.957,72.837,2.9
18.957,72.84,2.9
18.957,72.843,2.1
18.957,72.846,2.0
18.957,72.849,3.5
18.957,72.852,2.5
18.957,72.855,3.3
18.957,72.858,3.0
18.957,72.861,2.5
18.957,72.864,3.2
18.957,72.867,2.7
18.957,72.87,3.8
18.957,72.873,3.7
18.957,72.876,3.7
18.957,72.879,4.2
18.957,72.882,4.5
18.957,72.885,4.6
18.957,72.888,4.0
18.957,72.891,4.9
18.957,72.894,4.7
18.957,72.897,5.0
18.957,72.9,5.5
18.957,72.903,5.2
18.957,72.906,5.5
18.957,72.909,4.5
18.957,72.912,4.7
18.957,72.915,4.9
18.957,72.918,6.0
18.957,72.921,6.0
18.957,72.924,5.3
18.957,72.927,5.1
18.957,72.93,6.0
18.957,72.933,5.6
18.957,72.936,5.8
18.957,72.939,6.9
18.957,72.942,7.1
18.957,72.945,6.7
18.957,72.948,6.1
18.957,72.951,7.3
18.957,72.954,6.4
18.957,72.957,7.0
18.957,72.96,6.6
18.957,72.963,8.0
18.957,72.966,7.8
18.957,72.969,7.5
18.957,72.972,7.7
18.957,72.975,7.0
18.957,72.978,7.8
18.96,72.78,1.0
18.96,72.783,1.1
18.96,72.786,1.9
18.96,72.789,1.2
18.96,72.792,1.1
18.96,72.795,0.8
18.96,72.798,2.0
18.96,72.801,1.3
18.96,72.804,1.3
18.96,72.807,1.4
18.96,72.81,1.5
18.96,72.813,1.8
18.96,72.816,2.2
18.96,72.819,0.8
18.96,72.822,1.5
18.96,72.825,1.8
18.96,72.828,2.3
18.96,72.831,2.7
18.96,72.834,2.8
18.96,72.837,2.9
18.96,72.84,2.0
18.96,72.843,1.8
18.96,72.846,1.9
18.96,72.849,2.9
18.96,72.852,3.0
18.96,72.855,2.6
18.96,72.858,3.4
18.96,72.861,3.9
18.96,72.864,2.7
18.96,72.867,3.7
18.96,72.87,3.8
18.96,72.873,3.6
18.96,72.876,3.7
18.96,72.879,3.4
18.96,72.882,4.4
18.96,72.885,4.2
18.96,72.888,4.2
18.96,72.891,4.5
18.96,72.894,4.7
18.96,72.897,5.0
18.96,72.9,5.5
18.96,72.903,5.5
18.96,72.906,5.4
18.96,72.909,5.1
18.96,72.912,5.9
18.96,72.915,5.8
18.96,72.918,5.3
18.96,72.921,5.5
18.96,72.924,6.5
18.96,72.927,6.1
18.96,72.93,5.8
18.96,72.933,6.1
18.96,72.936,7.0
18.96,72.939,5.8
18.96,72.942,6.0
18.96,72.945,6.9
18.96,72.948,6.1
18.96,72.951,6.8
18.96,72.954,6.4
18.96,72.957,6.5
18.96,72.96,7.2
18.96,72.963,7.8
18.96,72.966,8.1
18.96,72.969,7.5
18.96,72.972,7.3
18.96,72.975,7.9
18.96,72.978,8.7
18.963,72.78,1.2
18.963,72.783,1.0
18.963,72.786,1.7
18.963,72.789,0.9
18.963,72.792,2.0
18.963,72.795,1.4
18.963,72.798,1.9
18.963,72.801,1.1
18.963,72.804,0.8
18.963,72.807,1.0
18.963,72.81,1.5
18.963,72.813,1.4
18.963,72.816,2.2
18.963,72.819,2.0
18.963,72.822,2.1
18.963,72.825,2.2
18.963,72.828,2.0
18.963,72.831,2.7
18.963,72.834,2.7
18.963,72.837,2.9
18.963,72.84,2.6
18.963,72.843,1.9
18.963,72.846,1.9
18.963,72.849,3.5
18.963,72.852,3.4
18.963,72.855,3.7
18.963,72.858,3.5
18.963,72.861,4.0
18.963,72.864,3.8
18.963,72.867,3.7
18.963,72.87,4.2
18.963,72.873,3.1
18.963,72.876,3.9
18.963,72.879,4.0
18.963,72.882,3.5
18.963,72.885,3.6
18.963,72.888,3.8
18.963,72.891,4.2
18.963,72.894,4.9
18.963,72.897,5.0
18.963,72.9,5.2
18.963,72.903,4.9
18.963,72.906,5.6
18.963,72.909,4.6
18.963,72.912,5.1
18.963,72.915,5.9
18.963,72.918,4.9
18.963,72.921,5.2
18.963,72.924,6.5
18.963,72.927,6.3
18.963,72.93,5.2
18.963,72.933,6.7
18.963,72.936,6.2
18.963,72.939,6.0
18.963,72.942,6.0
18.963,72.945,6.2
18.963,72.948,7.1
18.963,72.951,6.7
18.963,72.954,7.2
18.963,72.957,6.7
18.963,72.96,7.6
18.963,72.963,7.4
18.963,72.966,7.9
18.963,72.969,7.0
18.963,72.972,7.6
18.963,72.975,8.5
18.963,72.978,8.6
18.966,72.78,2.1
18.966,72.783,1.4
18.966,72.786,1.7
18.966,72.789,2.1
18.966,72.792,1.3
18.966,72.795,1.8
18.966,72.798,1.7
18.966,72.801,1.4
18.966,72.804,0.8
18.966,72.807,1.1
18.966,72.81,1.2
18.966,72.813,1.8
18.966,72.816,1.3
18.966,72.819,1.4
18.966,72.822,0.9
18.966,72.825,2.5
18.966,72.828,1.4
18.966,72.831,2.2
18.966,72.834,2.9
18.966,72.837,3.0
18.966,72.84,2.9
18.966,72.843,3.1
18.966,72.846,3.4
18.966,72.849,2.6
18.966,72.852,3.5
18.966,72.855,3.3
18.966,72.858,3.7
18.966,72.861,3.6
18.966,72.864,3.1
18.966,72.867,3.2
18.966,72.87,4.1
18.966,72.873,4.4
18.966,72.876,4.0
18.966,72.879,3.4
18.966,72.882,3.9
18.966,72.885,4.4
18.966,72.888,4.9
18.966,72.891,4.6
18.966,72.894,4.7
18.966,72.897,4.6
18.966,72.9,4.6
18.966,72.903,5.4
18.966,72.906,5.3
18.966,72.909,5.6
18.966,72.912,5.9
18.966,72.915,4.7
18.966,72.918,5.6
18.966,72.921,5.5
18.966,72.924,6.1
18.966,72.927,6.5
18.966,72.93,6.0
18.966,72.933,6.2
18.966,72.936,5.8
18.966,72.939,6.4
18.966,72.942,6.2
18.966,72.945,6.3
18.966,72.948,6.9
18.966,72.951,6.1
18.966,72.954,7.6
18.966,72.957,7.1
18.966,72.96,6.8
18.966,72.963,7.9
18.966,72.966,7.1
18.966,72.969,7.4
18.966,72.972,7.7
18.966,72.975,8.2
18.966,72.978,8.5
18.969,72.78,1.0
18.969,72.783,1.4
18.969,72.786,0.8
18.969,72.789,1.8
18.969,72.792,2.1
18.969,72.795,1.3
18.969,72.798,1.5
18.969,72.801,0.8
18.969,72.804,1.1
18.969,72.807,1.0
18.969,72.81,1.8
18.969,72.813,1.5
18.969,72.816,1.8
18.969,72.819,2.3
18.969,72.822,1.9
18.969,72.825,2.4
18.969,72.828,1.5
18.969,72.831,1.7
18.969,72.834,2.4
18.969,72.837,2.8
18.969,72.84,2.5
18.969,72.843,1.9
18.969,72.846,2.4
18.969,72.849,3.1
18.969,72.852,2.2
18.969,72.855,3.0
18.969,72.858,2.6
18.969,72.861,3.7
18.969,72.864,3.3
18.969,72.867,2.9
18.969,72.87,3.5
18.969,72.873,3.6
18.969,72.876,3.2
18.969,72.879,3.8
18.969,72.882,3.5
18.969,72.885,3.7
18.969,72.888,3.6
18.969,72.891,4.7
18.969,72.894,4.4
18.969,72.897,4.8
18.969,72.9,5.2
18.969,72.903,5.5
18.969,72.906,5.2
18.969,72.909,5.4
18.969,72.912,6.1
18.969,72.915,5.7
18.969,72.918,6.2
18.969,72.921,6.0
18.969,72.924,5.6
18.969,72.927,5.3
18.969,72.93,6.0
18.969,72.933,6.1
18.969,72.936,6.2
18.969,72.939,7.1
18.969,72.942,6.5
18.969,72.945,6.6
18.969,72.948,7.0
18.969,72.951,6.8
18.969,72.954,6.2
18.969,72.957,6.5
18.969,72.96,7.3
18.969,72.963,8.0
18.969,72.966,6.8
18.969,72.969,8.1
18.969,72.972,7.1
18.969,72.975,7.6
18.969,72.978,7.6
18.972,72.78,1.4
18.972,72.783,0.8
18.972,72.786,1.1
18.972,72.789,1.2
18.972,72.792,1.1
18.972,72.795,0.8
18.972,72.798,0.8
18.972,72.801,1.9
18.972,72.804,1.3
18.972,72.807,2.1
18.972,72.81,1.1
18.972,72.813,1.1
18.972,72.816,0.9
18.972,72.819,1.9
18.972,72.822,0.9
18.972,72.825,1.9
18.972,72.828,1.2
18.972,72.831,1.3
18.972,72.834,2.1
18.972,72.837,2.0
18.972,72.84,2.3
18.972,72.843,2.3
18.972,72.846,2.4
18.972,72.849,3.3
18.972,72.852,3.4
18.972,72.855,2.4
18.972,72.858,2.5
18.972,72.861,3.5
18.972,72.864,3.8
18.972,72.867,3.7
18.972,72.87,3.0
18.972,72.873,4.1
18.972,72.876,3.2
18.972,72.879,4.2
18.972,72.882,4.3
18.972,72.885,4.0
18.972,72.888,5.0
18.972,72.891,4.2
18.972,72.894,3.8
18.972,72.897,5.0
18.972,72.9,4.7
18.972,72.903,4.6
18.972,72.906,4.4
18.972,72.909,4.6
18.972,72.912,4.5
18.972,72.915,5.6
18.972,72.918,6.0
18.972,72.921,5.3
18.972,72.924,6.0
18.972,72.927,6.1
18.972,72.93,5.3
18.972,72.933,6.8
18.972,72.936,6.3
18.972,72.939,6.8
18.972,72.942,7.2
18.972,72.945,6.6
18.972,72.948,7.1
18.972,72.951,6.8
18.972,72.954,6.2
18.972,72.957,7.3
18.972,72.96,7.3
18.972,72.963,8.1
18.972,72.966,7.1
18.972,72.969,7.1
18.972,72.972,8.2
18.972,72.975,8.3
18.972,72.978,8.0
18.975,72.78,0.8
18.975,72.783,1.5
18.975,72.786,1.1
18.975,72.789,1.5
18.975,72.792,1.4
18.975,72.795,2.1
18.975,72.798,1.1
18.975,72.801,0.9
18.975,72.804,0.8
18.975,72.807,1.4
18.975,72.81,1.2
18.975,72.813,0.8
18.975,72.816,2.2
18.975,72.819,1.6
18.975,72.822,1.3
18.975,72.825,1.3
18.975,72.828,2.3
18.975,72.831,1.5
18.975,72.834,2.9
18.975,72.837,2.6
18.975,72.84,1.7
18.975,72.843,3.3
18.975,72.846,2.1
18.975,72.849,3.1
18.975,72.852,2.6
18.975,72.855,2.4
18.975,72.858,2.5
18.975,72.861,3.9
18.975,72.864,3.0
18.975,72.867,4.2
18.975,72.87,4.2
18.975,72.873,3.0
18.975,72.876,3.4
18.975,72.879,4.1
18.975,72.882,3.7
18.975,72.885,4.2
18.975,72.888,4.3
18.975,72.891,5.2
18.975,72.894,4.2
18.975,72.897,4.4
18.975,72.9,4.9
18.975,72.903,4.2
18.975,72.906,4.3
18.975,72.909,5.4
18.975,72.912,5.9
18.975,72.915,4.6
18.975,72.918,5.6
18.975,72.921,5.8
18.975,72.924,5.1
18.975,72.927,6.3
18.975,72.93,6.2
18.975,72.933,5.5
18.975,72.936,6.3
18.975,72.939,6.3
18.975,72.942,7.0
18.975,72.945,6.6
18.975,72.948,7.2
18.975,72.951,6.3
18.975,72.954,7.0
18.975,72.957,6.5
18.975,72.96,6.8
18.975,72.963,8.0
18.975,72.966,8.2
18.975,72.969,7.6
18.975,72.972,6.9
18.975,72.975,8.3
18.975,72.978,8.7
18.978,72.78,1.6
18.978,72.783,1.6
18.978,72.786,0.9
18.978,72.789,0.8
18.978,72.792,2.1
18.978,72.795,1.0
18.978,72.798,1.0
18.978,72.801,1.7
18.978,72.804,2.2
18.978,72.807,1.9
18.978,72.81,0.9
18.978,72.813,1.9
18.978,72.816,1.1
18.978,72.819,1.0
18.978,72.822,1.7
18.978,72.825,1.1
18.978,72.828,1.3
18.978,72.831,2.4
18.978,72.834,2.7
18.978,72.837,2.6
18.978,72.84,3.2
18.978,72.843,3.1
18.978,72.846,2.2
18.978,72.849,2.8
18.978,72.852,3.4
18.978,72.855,3.6
18.978,72.858,3.8
18.978,72.861,3.5
18.978,72.864,4.1
18.978,72.867,3.8
18.978,72.87,3.2
18.978,72.873,4.0
18.978,72.876,3.6
18.978,72.879,3.5
18.978,72.882,4.8
18.978,72.885,3.9
18.978,72.888,5.0
18.978,72.891,3.9
18.978,72.894,5.2
18.978,72.897,4.9
18.978,72.9,4.0
18.978,72.903,4.1
18.978,72.906,4.5
18.978,72.909,5.2
18.978,72.912,5.6
18.978,72.915,5.4
18.978,72.918,5.3
18.978,72.921,5.0
18.978,72.924,6.4
18.978,72.927,6.1
18.978,72.93,6.1
18.978,72.933,6.7
18.978,72.936,6.7
18.978,72.939,6.3
18.978,72.942,5.9
18.978,72.945,7.4
18.978,72.948,6.5
18.978,72.951,7.0
18.978,72.954,6.8
18.978,72.957,7.6
18.978,72.96,7.7
18.978,72.963,8.1
18.978,72.966,6.8
18.978,72.969,7.4
18.978,72.972,7.2
18.978,72.975,7.0
18.978,72.978,8.3
18.981,72.78,1.8
18.981,72.783,1.7
18.981,72.786,1.7
18.981,72.789,0.9
18.981,72.792,1.9
18.981,72.795,1.6
18.981,72.798,1.9
18.981,72.801,1.0
18.981,72.804,2.2
18.981,72.807,2.1
18.981,72.81,0.8
18.981,72.813,1.4
18.981,72.816,1.8
18.981,72.819,1.7
18.981,72.822,0.9
18.981,72.825,2.6
18.981,72.828,2.1
18.981,72.831,1.4
18.981,72.834,1.8
18.981,72.837,2.3
18.981,72.84,1.9
18.981,72.843,2.0
18.981,72.846,3.0
18.981,72.849,3.0
18.981,72.852,3.0
18.981,72.855,2.5
18.981,72.858,3.3
18.981,72.861,3.6
18.981,72.864,2.8
18.981,72.867,4.2
18.981,72.87,4.2
18.981,72.873,4.3
18.981,72.876,4.2
18.981,72.879,3.6
18.981,72.882,4.6
18.981,72.885,3.4
18.981,72.888,5.1
18.981,72.891,4.7
18.981,72.894,4.7
18.981,72.897,5.0
18.981,72.9,5.4
18.981,72.903,4.1
18.981,72.906,4.9
18.981,72.909,5.4
18.981,72.912,5.5
18.981,72.915,6.0
18.981,72.918,5.2
18.981,72.921,6.2
18.981,72.924,5.6
18.981,72.927,5.3
18.981,72.93,6.0
18.981,72.933,6.1
18.981,72.936,6.3
18.981,72.939,5.6
18.981,72.942,6.8
18.981,72.945,5.9
18.981,72.948,7.4
18.981,72.951,6.9
18.981,72.954,6.7
18.981,72.957,6.9
18.981,72.96,6.9
18.981,72.963,7.9
18.981,72.966,7.9
18.981,72.969,8.3
18.981,72.972,7.2
18.981,72.975,8.1
18.981,72.978,8.7
18.984,72.78,2.1
18.984,72.783,0.9
18.984,72.786,1.1
18.984,72.789,0.8
18.984,72.792,1.6
18.984,72.795,0.8
18.984,72.798,1.3
18.984,72.801,0.8
18.984,72.804,1.9
18.984,72.807,2.1
18.984,72.81,1.9
18.984,72.813,1.0
18.984,72.816,1.4
18.984,72.819,2.3
18.984,72.822,2.2
18.984,72.825,2.3
18.984,72.828,2.0
18.984,72.831,1.6
18.984,72.834,1.5
18.984,72.837,2.4
18.984,72.84,2.3
18.984,72.843,1.9
18.984,72.846,2.6
18.984,72.849,2.2
18.984,72.852,3.6
18.984,72.855,3.7
18.984,72.858,2.9
18.984,72.861,3.9
18.984,72.864,3.7
18.984,72.867,3.9
18.984,72.87,2.9
18.984,72.873,4.2
18.984,72.876,3.1
18.984,72.879,4.1
18.984,72.882,4.0
18.984,72.885,3.6
18.984,72.888,3.6
18.984,72.891,3.7
18.984,72.894,5.1
18.984,72.897,4.5
18.984,72.9,5.0
18.984,72.903,4.8
18.984,72.906,5.6
18.984,72.909,5.6
18.984,72.912,5.5
18.984,72.915,5.3
18.984,72.918,5.5
18.984,72.921,5.5
18.984,72.924,6.0
18.984,72.927,5.2
18.984,72.93,6.2
18.984,72.933,6.4
18.984,72.936,5.5
18.984,72.939,6.4
18.984,72.942,6.6
18.984,72.945,6.0
18.984,72.948,5.9
18.984,72.951,7.2
18.984,72.954,7.1
18.984,72.957,7.6
18.984,72.96,7.8
18.984,72.963,6.7
18.984,72.966,7.5
18.984,72.969,7.3
18.984,72.972,7.7
18.984,72.975,8.0
18.984,72.978,7.4
18.987,72.78,0.8
18.987,72.783,0.8
18.987,72.786,0.8
18.987,72.789,1.5
18.987,72.792,1.4
18.987,72.795,1.6
18.987,72.798,1.2
18.987,72.801,1.5
18.987,72.804,1.5
18.987,72.807,0.8
18.987,72.81,1.4
18.987,72.813,1.6
18.987,72.816,1.1
18.987,72.819,2.3
18.987,72.822,1.7
18.987,72.825,2.1
18.987,72.828,1.4
18.987,72.831,1.6
18.987,72.834,2.7
18.987,72.837,2.4
18.987,72.84,1.7
18.987,72.843,2.3
18.987,72.846,3.4
18.987,72.849,3.0
18.987,72.852,2.4
18.987,72.855,2.3
18.987,72.858,2.6
18.987,72.861,3.2
18.987,72.864,3.7
18.987,72.867,3.4
18.987,72.87,3.9
18.987,72.873,4.3
18.987,72.876,3.9
18.987,72.879,3.7
18.987,72.882,3.8
18.987,72.885,3.9
18.987,72.888,3.7
18.987,72.891,5.0
18.987,72.894,5.2
18.987,72.897,4.7
18.987,72.9,5.5
18.987,72.903,5.1
18.987,72.906,5.3
18.987,72.909,5.1
18.987,72.912,4.8
18.987,72.915,5.4
18.987,72.918,5.9
18.987,72.921,6.1
18.987,72.924,6.3
18.987,72.927,5.7
18.987,72.93,5.8
18.987,72.933,6.6
18.987,72.936,5.5
18.987,72.939,5.6
18.987,72.942,6.3
18.987,72.945,6.7
18.987,72.948,6.1
18.987,72.951,6.7
18.987,72.954,7.2
18.987,72.957,7.7
18.987,72.96,7.0
18.987,72.963,8.1
18.987,72.966,7.0
18.987,72.969,7.2
18.987,72.972,7.2
18.987,72.975,7.4
18.987,72.978,7.4
18.99,72.78,2.0
18.99,72.783,1.0
18.99,72.786,0.9
18.99,72.789,0.9
18.99,72.792,1.0
18.99,72.795,0.8
18.99,72.798,1.9
18.99,72.801,0.8
18.99,72.804,1.6
18.99,72.807,2.0
18.99,72.81,1.1
18.99,72.813,0.9
18.99,72.816,1.4
18.99,72.819,1.4
18.99,72.822,1.5
18.99,72.825,1.3
18.99,72.828,2.0
18.99,72.831,2.5
18.99,72.834,2.4
18.99,72.837,2.2
18.99,72.84,2.7
18.99,72.843,1.9
18.99,72.846,3.3
18.99,72.849,2.2
18.99,72.852,2.4
18.99,72.855,3.1
18.99,72.858,3.4
18.99,72.861,2.9
18.99,72.864,3.2
18.99,72.867,3.7
18.99,72.87,4.3
18.99,72.873,4.1
18.99,72.876,4.0
18.99,72.879,4.5
18.99,72.882,3.8
18.99,72.885,3.6
18.99,72.888,3.9
18.99,72.891,4.6
18.99,72.894,4.2
18.99,72.897,4.1
18.99,72.9,4.8
18.99,72.903,5.1
18.99,72.906,5.0
18.99,72.909,5.5
18.99,72.912,5.7
18.99,72.915,5.9
18.99,72.918,5.7
18.99,72.921,5.1
18.99,72.924,5.6
18.99,72.927,6.5
18.99,72.93,6.4
18.99,72.933,5.9
18.99,72.936,6.3
18.99,72.939,5.8
18.99,72.942,6.8
18.99,72.945,6.6
18.99,72.948,6.7
18.99,72.951,7.6
18.99,72.954,6.9
18.99,72.957,7.2
18.99,72.96,7.4
18.99,72.963,7.8
18.99,72.966,7.7
18.99,72.969,7.1
18.99,72.972,8.3
18.99,72.975,7.7
18.99,72.978,7.5
18.993,72.78,0.9
18.993,72.783,1.3
18.993,72.786,1.2
18.993,72.789,0.9
18.993,72.792,1.9
18.993,72.795,1.0
18.993,72.798,0.8
18.993,72.801,1.8
18.993,72.804,1.1
18.993,72.807,1.4
18.993,72.81,1.0
18.993,72.813,0.8
18.993,72.816,1.5
18.993,72.819,1.3
18.993,72.822,1.6
18.993,72.825,1.7
18.993,72.828,1.7
18.993,72.831,2.0
18.993,72.834,1.8
18.993,72.837,1.5
18.993,72.84,2.3
18.993,72.843,2.1
18.993,72.846,2.0
18.993,72.849,3.4
18.993,72.852,2.6
18.993,72.855,3.0
18.993,72.858,3.2
18.993,72.861,2.6
18.993,72.864,3.0
18.993,72.867,3.0
18.993,72.87,3.0
18.993,72.873,3.5
18.993,72.876,3.9
18.993,72.879,3.7
18.993,72.882,4.4
18.993,72.885,3.8
18.993,72.888,4.7
18.993,72.891,4.9
18.993,72.894,5.1
18.993,72.897,4.2
18.993,72.9,5.0
18.993,72.903,4.3
18.993,72.906,5.6
18.993,72.909,5.5
18.993,72.912,5.3
18.993,72.915,5.0
18.993,72.918,6.0
18.993,72.921,5.3
18.993,72.924,5.5
18.993,72.927,6.7
18.993,72.93,6.7
18.993,72.933,6.6
18.993,72.936,6.7
18.993,72.939,5.6
18.993,72.942,6.7
18.993,72.945,7.4
18.993,72.948,7.4
18.993,72.951,7.4
18.993,72.954,6.5
18.993,72.957,7.4
18.993,72.96,6.7
18.993,72.963,6.9
18.993,72.966,7.6
18.993,72.969,7.6
18.993,72.972,7.6
18.993,72.975,8.3
18.993,72.978,7.7
18.996,72.78,0.8
18.996,72.783,2.0
18.996,72.786,1.3
18.996,72.789,2.1
18.996,72.792,1.3
18.996,72.795,1.3
18.996,72.798,2.0
18.996,72.801,0.8
18.996,72.804,0.8
18.996,72.807,2.0
18.996,72.81,1.1
18.996,72.813,1.8
18.996,72.816,1.4
18.996,72.819,1.8
18.996,72.822,1.4
18.996,72.825,1.4
18.996,72.828,1.8
18.996,72.831,2.4
18.996,72.834,2.6
18.996,72.837,2.6
18.996,72.84,2.1
18.996,72.843,2.7
18.996,72.846,2.7
18.996,72.849,2.0
18.996,72.852,2.3
18.996,72.855,3.8
18.996,72.858,3.9
18.996,72.861,3.3
18.996,72.864,3.8
18.996,72.867,4.1
18.996,72.87,3.7
18.996,72.873,3.5
18.996,72.876,3.7
18.996,72.879,4.7
18.996,72.882,3.4
18.996,72.885,4.0
18.996,72.888,4.3
18.996,72.891,4.2
18.996,72.894,5.3
18.996,72.897,4.9
18.996,72.9,4.5
18.996,72.903,4.4
18.996,72.906,5.3
18.996,72.909,4.6
18.996,72.912,5.8
18.996,72.915,5.6
18.996,72.918,4.8
18.996,72.921,5.2
18.996,72.924,6.4
18.996,72.927,5.7
18.996,72.93,5.5
18.996,72.933,5.8
18.996,72.936,6.3
18.996,72.939,6.3
18.996,72.942,6.3
18.996,72.945,5.8
18.996,72.948,6.4
18.996,72.951,7.5
18.996,72.954,6.8
18.996,72.957,7.9
18.996,72.96,6.6
18.996,72.963,7.2
18.996,72.966,7.8
18.996,72.969,7.4
18.996,72.972,8.3
18.996,72.975,7.3
18.996,72.978,8.5
18.999,72.78,1.1
18.999,72.783,1.9
18.999,72.786,1.7
18.999,72.789,0.9
18.999,72.792,1.5
18.999,72.795,1.1
18.999,72.798,0.9
18.999,72.801,1.7
18.999,72.804,1.3
18.999,72.807,0.9
18.999,72.81,2.2
18.999,72.813,1.3
18.999,72.816,2.0
18.999,72.819,1.7
18.999,72.822,1.3
18.999,72.825,1.5
18.999,72.828,2.0
18.999,72.831,2.0
18.999,72.834,2.1
18.999,72.837,1.5
18.999,72.84,1.7
18.999,72.843,2.8
18.999,72.846,3.3
18.999,72.849,2.5
18.999,72.852,3.4
18.999,72.855,3.5
18.999,72.858,2.9
18.999,72.861,3.8
18.999,72.864,3.9
18.999,72.867,3.3
18.999,72.87,3.1
18.999,72.873,3.9
18.999,72.876,3.7
18.999,72.879,3.8
18.999,72.882,4.3
18.999,72.885,4.5
18.999,72.888,3.7
18.999,72.891,4.8
18.999,72.894,3.8
18.999,72.897,5.3
18.999,72.9,4.3
18.999,72.903,5.5
18.999,72.906,5.1
18.999,72.909,5.4
18.999,72.912,4.6
18.999,72.915,5.8
18.999,72.918,6.2
18.999,72.921,6.3
18.999,72.924,5.6
18.999,72.927,6.3
18.999,72.93,5.4
18.999,72.933,5.9
18.999,72.936,6.6
18.999,72.939,6.4
18.999,72.942,6.9
18.999,72.945,6.5
18.999,72.948,6.2
18.999,72.951,6.4
18.999,72.954,6.2
18.999,72.957,6.3
18.999,72.96,7.4
18.999,72.963,7.6
18.999,72.966,7.4
18.999,72.969,7.3
18.999,72.972,7.5
18.999,72.975,7.3
18.999,72.978,7.2
19.002,72.78,1.0
19.002,72.783,1.7
19.002,72.786,0.8
19.002,72.789,1.7
19.002,72.792,1.3
19.002,72.795,1.3
19.002,72.798,0.8
19.002,72.801,1.7
19.002,72.804,1.7
19.002,72.807,1.3
19.002,72.81,1.4
19.002,72.813,1.0
19.002,72.816,0.9
19.002,72.819,2.1
19.002,72.822,1.9
19.002,72.825,1.3
19.002,72.828,1.3
19.002,72.831,2.4
19.002,72.834,1.6
19.002,72.837,2.6
19.002,72.84,1.6
19.002,72.843,2.2
19.002,72.846,2.5
19.002,72.849,2.2
19.002,72.852,3.2
19.002,72.855,3.6
19.002,72.858,3.2
19.002,72.861,3.1
19.002,72.864,2.6
19.002,72.867,3.7
19.002,72.87,3.6
19.002,72.873,4.0
19.002,72.876,4.1
19.002,72.879,3.3
19.002,72.882,4.4
19.002,72.885,4.1
19.002,72.888,4.5
19.002,72.891,3.7
19.002,72.894,4.4
19.002,72.897,4.2
19.002,72.9,4.4
19.002,72.903,5.6
19.002,72.906,4.6
19.002,72.909,4.4
19.002,72.912,4.5
19.002,72.915,4.6
19.002,72.918,6.0
19.002,72.921,5.9
19.002,72.924,5.1
19.002,72.927,6.6
19.002,72.93,5.4
19.002,72.933,6.7
19.002,72.936,6.5
19.002,72.939,6.7
19.002,72.942,5.8
19.002,72.945,6.6
19.002,72.948,7.2
19.002,72.951,6.6
19.002,72.954,7.2
19.002,72.957,7.3
19.002,72.96,7.9
19.002,72.963,7.2
19.002,72.966,7.3
19.002,72.969,7.1
19.002,72.972,7.0
19.002,72.975,7.5
19.002,72.978,7.1
19.005,72.78,1.6
19.005,72.783,0.8
19.005,72.786,0.9
19.005,72.789,1.0
19.005,72.792,1.7
19.005,72.795,1.0
19.005,72.798,1.6
19.005,72.801,0.8
19.005,72.804,2.0
19.005,72.807,1.3
19.005,72.81,1.8
19.005,72.813,1.4
19.005,72.816,2.2
19.005,72.819,1.9
19.005,72.822,2.1
19.005,72.825,2.5
19.005,72.828,2.0
19.005,72.831,1.6
19.005,72.834,1.5
19.005,72.837,2.0
19.005,72.84,2.6
19.005,72.843,2.3
19.005,72.846,3.3
19.005,72.849,3.2
19.005,72.852,2.3
19.005,72.855,2.5
19.005,72.858,3.5
19.005,72.861,3.5
19.005,72.864,4.1
19.005,72.867,3.7
19.005,72.87,2.9
19.005,72.873,2.9
19.005,72.876,4.5
19.005,72.879,3.9
19.005,72.882,4.1
19.005,72.885,4.6
19.005,72.888,4.3
19.005,72.891,4.8
19.005,72.894,3.8
19.005,72.897,3.9
19.005,72.9,5.2
19.005,72.903,4.3
19.005,72.906,4.6
19.005,72.909,5.0
19.005,72.912,4.9
19.005,72.915,4.7
19.005,72.918,4.9
19.005,72.921,5.6
19.005,72.924,5.3
19.005,72.927,5.7
19.005,72.93,6.2
19.005,72.933,5.7
19.005,72.936,6.6
19.005,72.939,7.1
19.005,72.942,6.4
19.005,72.945,7.2
19.005,72.948,6.1
19.005,72.951,6.5
19.005,72.954,7.4
19.005,72.957,6.3
19.005,72.96,7.7
19.005,72.963,7.2
19.005,72.966,7.9
19.005,72.969,8.0
19.005,72.972,7.2
19.005,72.975,8.2
19.005,72.978,7.7
19.008,72.78,0.9
19.008,72.783,0.8
19.008,72.786,2.1
19.008,72.789,2.2
19.008,72.792,1.9
19.008,72.795,1.7
19.008,72.798,1.0
19.008,72.801,2.0
19.008,72.804,1.4
19.008,72.807,0.9
19.008,72.81,1.6
19.008,72.813,0.8
19.008,72.816,1.4
19.008,72.819,2.3
19.008,72.822,1.0
19.008,72.825,2.6
19.008,72.828,2.6
19.008,72.831,1.4
19.008,72.834,1.6
19.008,72.837,2.4
19.008,72.84,2.9
19.008,72.843,2.0
19.008,72.846,2.7
19.008,72.849,2.6
19.008,72.852,2.8
19.008,72.855,2.5
19.008,72.858,2.6
19.008,72.861,3.1
19.008,72.864,3.5
19.008,72.867,3.2
19.008,72.87,3.7
19.008,72.873,4.5
19.008,72.876,3.4
19.008,72.879,4.5
19.008,72.882,4.0
19.008,72.885,4.9
19.008,72.888,4.1
19.008,72.891,4.2
19.008,72.894,4.5
19.008,72.897,4.6
19.008,72.9,5.0
19.008,72.903,4.8
19.008,72.906,4.5
19.008,72.909,5.9
19.008,72.912,5.3
19.008,72.915,5.8
19.008,72.918,5.4
19.008,72.921,5.0
19.008,72.924,6.4
19.008,72.927,5.6
19.008,72.93,6.1
19.008,72.933,6.2
19.008,72.936,5.7
19.008,72.939,6.2
19.008,72.942,6.2
19.008,72.945,6.3
19.008,72.948,6.8
19.008,72.951,6.8
19.008,72.954,6.7
19.008,72.957,7.4
19.008,72.96,6.7
19.008,72.963,8.0
19.008,72.966,6.6
19.008,72.969,8.1
19.008,72.972,8.0
19.008,72.975,7.6
19.008,72.978,7.8
19.011,72.78,1.3
19.011,72.783,1.2
19.011,72.786,1.8
19.011,72.789,1.2
19.011,72.792,1.1
19.011,72.795,2.2
19.011,72.798,0.8
19.011,72.801,2.0
19.011,72.804,2.2
19.011,72.807,0.8
19.011,72.81,2.1
19.011,72.813,0.9
19.011,72.816,1.9
19.011,72.819,2.3
19.011,72.822,2.1
19.011,72.825,2.2
19.011,72.828,1.7
19.011,72.831,2.4
19.011,72.834,2.4
19.011,72.837,2.1
19.011,72.84,1.7
19.011,72.843,2.3
19.011,72.846,2.5
19.011,72.849,2.4
19.011,72.852,2.8
19.011,72.855,3.7
19.011,72.858,2.9
19.011,72.861,3.6
19.011,72.864,2.6
19.011,72.867,3.7
19.011,72.87,3.0
19.011,72.873,3.9
19.011,72.876,4.6
19.011,72.879,3.4
19.011,72.882,3.7
19.011,72.885,4.3
19.011,72.888,4.6
19.011,72.891,3.9
19.011,72.894,3.9
19.011,72.897,4.0
19.011,72.9,5.1
19.011,72.903,4.7
19.011,72.906,5.4
19.011,72.909,5.9
19.011,72.912,4.6
19.011,72.915,6.1
19.011,72.918,6.1
19.011,72.921,5.1
19.011,72.924,5.6
19.011,72.927,6.2
19.011,72.93,6.0
19.011,72.933,6.2
19.011,72.936,6.9
19.011,72.939,6.5
19.011,72.942,6.9
19.011,72.945,7.0
19.011,72.948,7.4
19.011,72.951,7.4
19.011,72.954,6.3
19.011,72.957,7.2
19.011,72.96,7.7
19.011,72.963,7.8
19.011,72.966,7.1
19.011,72.969,7.1
19.011,72.972,8.1
19.011,72.975,8.1
19.011,72.978,7.1
19.014,72.78,0.9
19.014,72.783,1.4
19.014,72.786,0.8
19.014,72.789,1.8
19.014,72.792,1.3
19.014,72.795,1.3
19.014,72.798,1.1
19.014,72.801,1.3
19.014,72.804,0.9
19.014,72.807,0.9
19.014,72.81,0.8
19.014,72.813,1.4
19.014,72.816,1.4
19.014,72.819,0.9
19.014,72.822,1.8
19.014,72.825,1.3
19.014,72.828,1.4
19.014,72.831,2.4
19.014,72.834,2.7
19.014,72.837,1.8
19.014,72.84,3.2
19.014,72.843,3.1
19.014,72.846,2.5
19.014,72.849,3.4
19.014,72.852,2.3
19.014,72.855,3.2
19.014,72.858,2.4
19.014,72.861,2.6
19.014,72.864,2.8
19.014,72.867,2.8
19.014,72.87,2.8
19.014,72.873,3.3
19.014,72.876,3.8
19.014,72.879,4.4
19.014,72.882,3.3
19.014,72.885,3.8
19.014,72.888,5.0
19.014,72.891,4.7
19.014,72.894,5.0
19.014,72.897,3.9
19.014,72.9,4.3
19.014,72.903,5.4
19.014,72.906,4.8
19.014,72.909,5.2
19.014,72.912,6.0
19.014,72.915,5.0
19.014,72.918,5.5
19.014,72.921,6.1
19.014,72.924,5.9
19.014,72.927,5.6
19.014,72.93,6.3
19.014,72.933,5.9
19.014,72.936,5.9
19.014,72.939,5.9
19.014,72.942,6.3
19.014,72.945,6.4
19.014,72.948,6.9
19.014,72.951,7.6
19.014,72.954,7.6
19.014,72.957,7.6
19.014,72.96,6.4
19.014,72.963,7.9
19.014,72.966,7.3
19.014,72.969,8.1
19.014,72.972,8.4
19.014,72.975,7.0
19.014,72.978,7.3
19.017,72.78,1.4
19.017,72.783,2.1
19.017,72.786,1.8
19.017,72.789,1.0
19.017,72.792,1.3
19.017,72.795,1.7
19.017,72.798,2.0
19.017,72.801,1.4
19.017,72.804,1.7
19.017,72.807,0.8
19.017,72.81,1.6
19.017,72.813,2.1
19.017,72.816,1.2
19.017,72.819,1.8
19.017,72.822,2.3
19.017,72.825,2.6
19.017,72.828,2.3
19.017,72.831,2.3
19.017,72.834,1.7
19.017,72.837,2.3
19.017,72.84,2.8
19.017,72.843,3.0
19.017,72.846,2.4
19.017,72.849,3.5
19.017,72.852,3.6
19.017,72.855,3.0
19.017,72.858,3.4
19.017,72.861,3.6
19.017,72.864,2.7
19.017,72.867,3.3
19.017,72.87,3.8
19.017,72.873,4.1
19.017,72.876,4.4
19.017,72.879,4.6
19.017,72.882,4.5
19.017,72.885,4.5
19.017,72.888,3.6
19.017,72.891,4.4
19.017,72.894,3.9
19.017,72.897,5.2
19.017,72.9,5.6
19.017,72.903,5.7
19.017,72.906,5.0
19.017,72.909,5.8
19.017,72.912,6.0
19.017,72.915,5.4
19.017,72.918,5.6
19.017,72.921,5.2
19.017,72.924,5.2
19.017,72.927,6.6
19.017,72.93,6.3
19.017,72.933,5.5
19.017,72.936,7.0
19.017,72.939,5.6
19.017,72.942,7.2
19.017,72.945,6.3
19.017,72.948,6.5
19.017,72.951,6.5
19.017,72.954,7.3
19.017,72.957,7.3
19.017,72.96,7.9
19.017,72.963,7.6
19.017,72.966,7.7
19.017,72.969,8.2
19.017,72.972,7.9
19.017,72.975,7.8
19.017,72.978,8.4
19.02,72.78,1.1
19.02,72.783,1.0
19.02,72.786,1.5
19.02,72.789,2.1
19.02,72.792,0.8
19.02,72.795,1.1
19.02,72.798,2.1
19.02,72.801,1.8
19.02,72.804,1.8
19.02,72.807,1.6
19.02,72.81,1.9
19.02,72.813,2.1
19.02,72.816,1.3
19.02,72.819,1.1
19.02,72.822,1.3
19.02,72.825,1.5
19.02,72.828,1.3
19.02,72.831,1.8
19.02,72.834,2.3
19.02,72.837,1.8
19.02,72.84,3.1
19.02,72.843,2.6
19.02,72.846,2.0
19.02,72.849,2.5
19.02,72.852,2.7
19.02,72.855,3.4
19.02,72.858,2.8
19.02,72.861,3.4
19.02,72.864,2.9
19.02,72.867,3.3
19.02,72.87,3.5
19.02,72.873,4.2
19.02,72.876,4.3
19.02,72.879,4.7
19.02,72.882,3.5
19.02,72.885,4.5
19.02,72.888,4.5
19.02,72.891,3.8
19.02,72.894,3.8
19.02,72.897,5.2
19.02,72.9,4.5
19.02,72.903,5.4
19.02,72.906,4.7
19.02,72.909,4.7
19.02,72.912,5.6
19.02,72.915,4.8
19.02,72.918,5.2
19.02,72.921,6.0
19.02,72.924,6.3
19.02,72.927,6.4
19.02,72.93,5.3
19.02,72.933,5.8
19.02,72.936,6.2
19.02,72.939,6.7
19.02,72.942,6.1
19.02,72.945,7.2
19.02,72.948,6.8
19.02,72.951,7.0
19.02,72.954,6.5
19.02,72.957,6.7
19.02,72.96,7.9
19.02,72.963,6.6
19.02,72.966,7.9
19.02,72.969,7.0
19.02,72.972,8.0
19.02,72.975,8.4
19.02,72.978,8.6
19.023,72.78,1.0
19.023,72.783,1.8
19.023,72.786,2.1
19.023,72.789,1.8
19.023,72.792,2.0
19.023,72.795,1.8
19.023,72.798,1.1
19.023,72.801,1.9
19.023,72.804,2.1
19.023,72.807,0.9
19.023,72.81,0.8
19.023,72.813,1.2
19.023,72.816,1.3
19.023,72.819,1.5
19.023,72.822,1.4
19.023,72.825,1.6
19.023,72.828,1.2
19.023,72.831,2.4
19.023,72.834,1.8
19.023,72.837,3.0
19.023,72.84,2.7
19.023,72.843,2.6
19.023,72.846,2.0
19.023,72.849,2.5
19.023,72.852,3.3
19.023,72.855,3.6
19.023,72.858,2.4
19.023,72.861,3.9
19.023,72.864,3.0
19.023,72.867,3.7
19.023,72.87,3.7
19.023,72.873,3.6
19.023,72.876,3.8
19.023,72.879,4.6
19.023,72.882,3.6
19.023,72.885,4.7
19.023,72.888,3.8
19.023,72.891,4.7
19.023,72.894,4.3
19.023,72.897,5.2
19.023,72.9,4.2
19.023,72.903,5.4
19.023,72.906,5.6
19.023,72.909,5.0
19.023,72.912,6.1
19.023,72.915,5.7
19.023,72.918,5.0
19.023,72.921,4.9
19.023,72.924,5.5
19.023,72.927,5.8
19.023,72.93,6.7
19.023,72.933,5.5
19.023,72.936,6.3
19.023,72.939,6.1
19.023,72.942,6.4
19.023,72.945,6.0
19.023,72.948,7.1
19.023,72.951,6.4
19.023,72.954,6.4
19.023,72.957,6.9
19.023,72.96,6.9
19.023,72.963,7.5
19.023,72.966,6.9
19.023,72.969,8.0
19.023,72.972,8.1
19.023,72.975,8.6
19.023,72.978,8.2
19.026,72.78,0.8
19.026,72.783,1.3
19.026,72.786,1.9
19.026,72.789,1.2
19.026,72.792,1.6
19.026,72.795,1.3
19.026,72.798,0.8
19.026,72.801,0.8
19.026,72.804,0.8
19.026,72.807,1.6
19.026,72.81,2.1
19.026,72.813,1.0
19.026,72.816,1.6
19.026,72.819,2.3
19.026,72.822,1.6
19.026,72.825,2.1
19.026,72.828,1.3
19.026,72.831,2.2
19.026,72.834,2.0
19.026,72.837,3.1
19.026,72.84,2.7
19.026,72.843,2.2
19.026,72.846,2.0
19.026,72.849,2.5
19.026,72.852,3.2
19.026,72.855,3.6
19.026,72.858,3.2
19.026,72.861,3.1
19.026,72.864,3.7
19.026,72.867,3.3
19.026,72.87,4.1
19.026,72.873,4.2
19.026,72.876,3.9
19.026,72.879,3.3
19.026,72.882,4.6
19.026,72.885,4.3
19.026,72.888,4.8
19.026,72.891,4.7
19.026,72.894,5.0
19.026,72.897,4.2
19.026,72.9,5.1
19.026,72.903,4.3
19.026,72.906,5.6
19.026,72.909,5.5
19.026,72.912,4.5
19.026,72.915,5.3
19.026,72.918,5.2
19.026,72.921,4.9
19.026,72.924,5.9
19.026,72.927,6.1
19.026,72.93,5.3
19.026,72.933,5.7
19.026,72.936,6.6
19.026,72.939,5.7
19.026,72.942,5.9
19.026,72.945,6.3
19.026,72.948,7.5
19.026,72.951,6.3
19.026,72.954,7.7
19.026,72.957,7.3
19.026,72.96,6.8
19.026,72.963,6.6
19.026,72.966,8.2
19.026,72.969,8.2
19.026,72.972,7.3
19.026,72.975,7.9
19.026,72.978,7.3
19.029,72.78,1.4
19.029,72.783,1.1
19.029,72.786,2.1
19.029,72.789,2.2
19.029,72.792,1.6
19.029,72.795,1.4
19.029,72.798,1.7
19.029,72.801,1.7
19.029,72.804,0.8
19.029,72.807,0.8
19.029,72.81,0.8
19.029,72.813,2.0
19.029,72.816,1.0
19.029,72.819,1.0
19.029,72.822,1.8
19.029,72.825,1.9
19.029,72.828,1.6
19.029,72.831,2.4
19.029,72.834,2.0
19.029,72.837,2.4
19.029,72.84,2.0
19.029,72.843,2.8
19.029,72.846,2.1
19.029,72.849,2.7
19.029,72.852,3.6
19.029,72.855,3.3
19.029,72.858,3.8
19.029,72.861,2.7
19.029,72.864,2.9
19.029,72.867,3.7
19.029,72.87,3.2
19.029,72.873,3.9
19.029,72.876,4.1
19.029,72.879,4.3
19.029,72.882,4.2
19.029,72.885,4.4
19.029,72.888,4.3
19.029,72.891,3.9
19.029,72.894,5.1
19.029,72.897,4.4
19.029,72.9,5.3
19.029,72.903,4.7
19.029,72.906,5.8
19.029,72.909,4.8
19.029,72.912,4.9
19.029,72.915,5.5
19.029,72.918,5.8
19.029,72.921,5.5
19.029,72.924,5.5
19.029,72.927,5.2
19.029,72.93,6.7
19.029,72.933,6.6
19.029,72.936,5.7
19.029,72.939,6.8
19.029,72.942,6.1
19.029,72.945,6.0
19.029,72.948,7.5
19.029,72.951,6.4
19.029,72.954,7.7
19.029,72.957,7.5
19.029,72.96,6.6
19.029,72.963,7.4
19.029,72.966,8.0
19.029,72.969,7.7
19.029,72.972,8.2
19.029,72.975,7.2
19.029,72.978,7.7
19.032,72.78,1.5
19.032,72.783,1.1
19.032,72.786,1.0
19.032,72.789,0.8
19.032,72.792,0.8
19.032,72.795,1.1
19.032,72.798,1.8
19.032,72.801,0.9
19.032,72.804,1.9
19.032,72.807,1.7
19.032,72.81,1.9
19.032,72.813,1.5
19.032,72.816,2.1
19.032,72.819,1.4
19.032,72.822,1.8
19.032,72.825,1.4
19.032,72.828,2.2
19.032,72.831,2.4
19.032,72.834,2.4
19.032,72.837,1.7
19.032,72.84,2.5
19.032,72.843,2.1
19.032,72.846,3.3
19.032,72.849,3.0
19.032,72.852,2.7
19.032,72.855,3.4
19.032,72.858,3.4
19.032,72.861,3.1
19.032,72.864,3.3
19.032,72.867,3.4
19.032,72.87,3.4
19.032,72.873,3.7
19.032,72.876,3.5
19.032,72.879,4.7
19.032,72.882,4.1
19.032,72.885,4.5
19.032,72.888,5.0
19.032,72.891,4.0
19.032,72.894,4.8
19.032,72.897,4.0
19.032,72.9,4.5
19.032,72.903,5.4
19.032,72.906,5.6
19.032,72.909,5.4
19.032,72.912,4.6
19.032,72.915,5.0
19.032,72.918,4.9
19.032,72.921,5.8
19.032,72.924,5.1
19.032,72.927,5.5
19.032,72.93,6.7
19.032,72.933,6.6
19.032,72.936,5.5
19.032,72.939,7.1
19.032,72.942,6.8
19.032,72.945,7.3
19.032,72.948,6.1
19.032,72.951,6.8
19.032,72.954,7.3
19.032,72.957,7.4
19.032,72.96,7.3
19.032,72.963,6.7
19.032,72.966,6.7
19.032,72.969,7.1
19.032,72.972,8.2
19.032,72.975,7.0
19.032,72.978,7.8
19.035,72.78,1.5
19.035,72.783,1.2
19.035,72.786,2.2
19.035,72.789,1.7
19.035,72.792,2.1
19.035,72.795,2.2
19.035,72.798,2.1
19.035,72.801,1.7
19.035,72.804,0.8
19.035,72.807,1.3
19.035,72.81,0.9
19.035,72.813,2.1
19.035,72.816,1.9
19.035,72.819,2.2
19.035,72.822,1.2
19.035,72.825,1.6
19.035,72.828,1.3
19.035,72.831,1.8
19.035,72.834,1.4
19.035,72.837,2.3
19.035,72.84,1.9
19.035,72.843,3.3
19.035,72.846,2.4
19.035,72.849,3.0
19.035,72.852,3.4
19.035,72.855,3.6
19.035,72.858,3.7
19.035,72.861,2.9
19.035,72.864,3.3
19.035,72.867,3.1
19.035,72.87,2.8
19.035,72.873,3.9
19.035,72.876,3.7
19.035,72.879,4.6
19.035,72.882,4.8
19.035,72.885,4.9
19.035,72.888,4.3
19.035,72.891,5.1
19.035,72.894,5.3
19.035,72.897,5.3
19.035,72.9,5.4
19.035,72.903,4.2
19.035,72.906,4.2
19.035,72.909,5.1
19.035,72.912,5.0
19.035,72.915,4.8
19.035,72.918,5.3
19.035,72.921,6.0
19.035,72.924,5.6
19.035,72.927,5.1
19.035,72.93,5.9
19.035,72.933,5.6
19.035,72.936,6.3
19.035,72.939,7.0
19.035,72.942,6.3
19.035,72.945,7.3
19.035,72.948,5.9
19.035,72.951,7.3
19.035,72.954,6.6
19.035,72.957,7.0
19.035,72.96,7.0
19.035,72.963,7.1
19.035,72.966,8.1
19.035,72.969,7.6
19.035,72.972,7.3
19.035,72.975,8.6
19.035,72.978,8.2
19.038,72.78,1.3
19.038,72.783,0.8
19.038,72.786,1.8
19.038,72.789,0.8
19.038,72.792,2.0
19.038,72.795,1.7
19.038,72.798,0.8
19.038,72.801,1.1
19.038,72.804,0.8
19.038,72.807,1.3
19.038,72.81,1.1
19.038,72.813,0.8
19.038,72.816,1.7
19.038,72.819,2.3
19.038,72.822,2.4
19.038,72.825,2.6
19.038,72.828,1.3
19.038,72.831,2.0
19.038,72.834,2.2
19.038,72.837,2.6
19.038,72.84,1.8
19.038,72.843,2.9
19.038,72.846,3.1
19.038,72.849,2.6
19.038,72.852,3.2
19.038,72.855,3.4
19.038,72.858,3.6
19.038,72.861,2.7
19.038,72.864,4.1
19.038,72.867,3.9
19.038,72.87,3.0
19.038,72.873,3.5
19.038,72.876,3.1
19.038,72.879,4.3
19.038,72.882,3.4
19.038,72.885,4.7
19.038,72.888,4.2
19.038,72.891,4.6
19.038,72.894,3.8
19.038,72.897,4.6
19.038,72.9,4.5
19.038,72.903,4.3
19.038,72.906,4.9
19.038,72.909,5.3
19.038,72.912,5.6
19.038,72.915,4.9
19.038,72.918,5.2
19.038,72.921,5.0
19.038,72.924,5.4
19.038,72.927,6.2
19.038,72.93,6.3
19.038,72.933,6.0
19.038,72.936,6.2
19.038,72.939,6.8
19.038,72.942,5.8
19.038,72.945,7.0
19.038,72.948,6.9
19.038,72.951,6.3
19.038,72.954,7.5
19.038,72.957,7.3
19.038,72.96,6.6
19.038,72.963,6.7
19.038,72.966,7.3
19.038,72.969,7.2
19.038,72.972,7.2
19.038,72.975,7.2
19.038,72.978,7.1
19.041,72.78,0.9
19.041,72.783,2.0
19.041,72.786,1.2
19.041,72.789,1.4
19.041,72.792,1.7
19.041,72.795,2.2
19.041,72.798,1.0
19.041,72.801,1.3
19.041,72.804,0.8
19.041,72.807,1.3
19.041,72.81,0.8
19.041,72.813,0.8
19.041,72.816,1.2
19.041,72.819,2.3
19.041,72.822,2.0
19.041,72.825,1.4
19.041,72.828,2.6
19.041,72.831,1.5
19.041,72.834,1.4
19.041,72.837,2.5
19.041,72.84,2.1
19.041,72.843,2.2
19.041,72.846,2.3
19.041,72.849,2.9
19.041,72.852,2.8
19.041,72.855,2.6
19.041,72.858,3.1
19.041,72.861,3.0
19.041,72.864,2.7
19.041,72.867,3.8
19.041,72.87,3.9
19.041,72.873,4.2
19.041,72.876,3.2
19.041,72.879,3.7
19.041,72.882,4.6
19.041,72.885,4.6
19.041,72.888,4.5
19.041,72.891,4.6
19.041,72.894,4.1
19.041,72.897,4.3
19.041,72.9,4.9
19.041,72.903,4.3
19.041,72.906,4.4
19.041,72.909,5.4
19.041,72.912,5.4
19.041,72.915,4.7
19.041,72.918,6.3
19.041,72.921,6.3
19.041,72.924,6.3
19.041,72.927,5.4
19.041,72.93,5.9
19.041,72.933,5.5
19.041,72.936,6.9
19.041,72.939,6.6
19.041,72.942,6.2
19.041,72.945,6.6
19.041,72.948,7.1
19.041,72.951,6.9
19.041,72.954,6.4
19.041,72.957,6.5
19.041,72.96,7.1
19.041,72.963,7.7
19.041,72.966,8.1
19.041,72.969,8.0
19.041,72.972,8.2
19.041,72.975,7.9
19.041,72.978,7.7
19.044,72.78,1.2
19.044,72.783,1.6
19.044,72.786,0.8
19.044,72.789,1.3
19.044,72.792,1.4
19.044,72.795,1.4
19.044,72.798,2.1
19.044,72.801,1.9
19.044,72.804,0.9
19.044,72.807,1.0
19.044,72.81,2.1
19.044,72.813,1.1
19.044,72.816,2.2
19.044,72.819,0.9
19.044,72.822,2.4
19.044,72.825,1.3
19.044,72.828,2.4
19.044,72.831,2.0
19.044,72.834,2.2
19.044,72.837,2.3
19.044,72.84,1.7
19.044,72.843,2.4
19.044,72.846,2.7
19.044,72.849,2.9
19.044,72.852,2.7
19.044,72.855,3.2
19.044,72.858,2.7
19.044,72.861,2.4
19.044,72.864,3.5
19.044,72.867,3.6
19.044,72.87,2.8
19.044,72.873,4.4
19.044,72.876,3.9
19.044,72.879,4.0
19.044,72.882,4.4
19.044,72.885,3.8
19.044,72.888,4.9
19.044,72.891,4.1
19.044,72.894,4.2
19.044,72.897,4.1
19.044,72.9,4.4
19.044,72.903,5.0
19.044,72.906,4.7
19.044,72.909,5.4
19.044,72.912,6.0
19.044,72.915,5.0
19.044,72.918,4.9
19.044,72.921,6.2
19.044,72.924,5.0
19.044,72.927,6.6
19.044,72.93,6.8
19.044,72.933,5.7
19.044,72.936,5.6
19.044,72.939,6.6
19.044,72.942,6.7
19.044,72.945,7.4
19.044,72.948,6.4
19.044,72.951,7.6
19.044,72.954,7.6
19.044,72.957,6.7
19.044,72.96,6.6
19.044,72.963,8.0
19.044,72.966,7.1
19.044,72.969,8.3
19.044,72.972,7.9
19.044,72.975,7.0
19.044,72.978,7.7
19.047,72.78,1.8
19.047,72.783,1.0
19.047,72.786,1.0
19.047,72.789,0.8
19.047,72.792,1.7
19.047,72.795,2.0
19.047,72.798,2.1
19.047,72.801,1.5
19.047,72.804,1.8
19.047,72.807,1.7
19.047,72.81,2.1
19.047,72.813,1.0
19.047,72.816,1.6
19.047,72.819,1.7
19.047,72.822,1.2
19.047,72.825,1.7
19.047,72.828,1.6
19.047,72.831,1.6
19.047,72.834,2.4
19.047,72.837,2.9
19.047,72.84,2.2
19.047,72.843,2.4
19.047,72.846,3.0
19.047,72.849,2.7
19.047,72.852,2.3
19.047,72.855,3.0
19.047,72.858,3.1
19.047,72.861,3.2
19.047,72.864,3.9
19.047,72.867,3.0
19.047,72.87,3.7
19.047,72.873,4.4
19.047,72.876,3.3
19.047,72.879,3.6
19.047,72.882,3.8
19.047,72.885,4.8
19.047,72.888,4.8
19.047,72.891,4.7
19.047,72.894,4.1
19.047,72.897,4.1
19.047,72.9,4.7
19.047,72.903,4.8
19.047,72.906,5.3
19.047,72.909,5.0
19.047,72.912,5.6
19.047,72.915,4.8
19.047,72.918,5.9
19.047,72.921,4.9
19.047,72.924,5.1
19.047,72.927,5.7
19.047,72.93,5.4
19.047,72.933,5.3
19.047,72.936,6.8
19.047,72.939,7.1
19.047,72.942,5.9
19.047,72.945,7.0
19.047,72.948,6.3
19.047,72.951,7.5
19.047,72.954,7.1
19.047,72.957,7.5
19.047,72.96,6.4
19.047,72.963,7.8
19.047,72.966,7.5
19.047,72.969,8.1
19.047,72.972,8.2
19.047,72.975,7.1
19.047,72.978,7.3
19.05,72.78,1.8
19.05,72.783,2.0
19.05,72.786,1.9
19.05,72.789,1.1
19.05,72.792,1.4
19.05,72.795,1.0
19.05,72.798,1.5
19.05,72.801,1.0
19.05,72.804,1.5
19.05,72.807,0.8
19.05,72.81,0.8
19.05,72.813,1.5
19.05,72.816,0.8
19.05,72.819,2.2
19.05,72.822,1.5
19.05,72.825,1.0
19.05,72.828,1.5
19.05,72.831,1.6
19.05,72.834,2.0
19.05,72.837,2.0
19.05,72.84,2.1
19.05,72.843,3.2
19.05,72.846,2.9
19.05,72.849,3.1
19.05,72.852,3.2
19.05,72.855,3.6
19.05,72.858,3.1
19.05,72.861,4.0
19.05,72.864,2.9
19.05,72.867,4.2
19.05,72.87,3.3
19.05,72.873,3.0
19.05,72.876,3.6
19.05,72.879,3.7
19.05,72.882,4.8
19.05,72.885,3.5
19.05,72.888,3.6
19.05,72.891,3.9
19.05,72.894,4.4
19.05,72.897,4.4
19.05,72.9,4.3
19.05,72.903,4.8
19.05,72.906,5.7
19.05,72.909,5.5
19.05,72.912,5.5
19.05,72.915,5.1
19.05,72.918,6.1
19.05,72.921,5.3
19.05,72.924,5.8
19.05,72.927,5.7
19.05,72.93,5.6
19.05,72.933,6.8
19.05,72.936,6.7
19.05,72.939,6.8
19.05,72.942,7.1
19.05,72.945,7.4
19.05,72.948,7.2
19.05,72.951,6.3
19.05,72.954,6.4
19.05,72.957,7.0
19.05,72.96,7.7
19.05,72.963,8.1
19.05,72.966,7.9
19.05,72.969,6.9
19.05,72.972,7.6
19.05,72.975,8.2
19.05,72.978,7.4
19.053,72.78,1.1
19.053,72.783,0.8
19.053,72.786,1.8
19.053,72.789,1.2
19.053,72.792,1.4
19.053,72.795,1.4
19.053,72.798,2.2
19.053,72.801,1.6
19.053,72.804,1.6
19.053,72.807,0.8
19.053,72.81,2.1
19.053,72.813,2.1
19.053,72.816,1.3
19.053,72.819,1.6
19.053,72.822,1.7
19.053,72.825,1.8
19.053,72.828,2.0
19.053,72.831,1.6
19.053,72.834,1.5
19.053,72.837,2.6
19.053,72.84,2.4
19.053,72.843,3.0
19.053,72.846,3.1
19.053,72.849,2.3
19.053,72.852,2.2
19.053,72.855,2.8
19.053,72.858,2.6
19.053,72.861,3.8
19.053,72.864,3.1
19.053,72.867,3.4
19.053,72.87,3.0
19.053,72.873,3.1
19.053,72.876,4.5
19.053,72.879,3.7
19.053,72.882,4.6
19.053,72.885,4.6
19.053,72.888,3.7
19.053,72.891,4.4
19.053,72.894,5.1
19.053,72.897,4.8
19.053,72.9,5.5
19.053,72.903,4.8
19.053,72.906,4.6
19.053,72.909,4.7
19.053,72.912,5.7
19.053,72.915,4.8
19.053,72.918,5.8
19.053,72.921,5.1
19.053,72.924,6.1
19.053,72.927,6.2
19.053,72.93,5.9
19.053,72.933,5.4
19.053,72.936,5.6
19.053,72.939,6.5
19.053,72.942,6.4
19.053,72.945,6.8
19.053,72.948,6.2
19.053,72.951,6.3
19.053,72.954,6.4
19.053,72.957,6.7
19.053,72.96,6.4
19.053,72.963,7.8
19.053,72.966,7.3
19.053,72.969,8.0
19.053,72.972,7.6
19.053,72.975,7.2
19.053,72.978,8.0
19.056,72.78,2.1
19.056,72.783,1.4
19.056,72.786,1.8
19.056,72.789,1.3
19.056,72.792,1.6
19.056,72.795,0.8
19.056,72.798,0.8
19.056,72.801,0.8
19.056,72.804,1.6
19.056,72.807,1.6
19.056,72.81,0.9
19.056,72.813,0.9
19.056,72.816,1.3
19.056,72.819,1.4
19.056,72.822,2.4
19.056,72.825,1.7
19.056,72.828,2.3
19.056,72.831,1.7
19.056,72.834,2.3
19.056,72.837,2.0
19.056,72.84,2.0
19.056,72.843,3.2
19.056,72.846,2.3
19.056,72.849,2.1
19.056,72.852,2.7
19.056,72.855,3.7
19.056,72.858,3.5
19.056,72.861,3.1
19.056,72.864,2.6
19.056,72.867,3.3
19.056,72.87,4.1
19.056,72.873,4.5
19.056,72.876,4.0
19.056,72.879,3.3
19.056,72.882,4.4
19.056,72.885,4.2
19.056,72.888,4.6
19.056,72.891,4.3
19.056,72.894,4.4
19.056,72.897,4.0
19.056,72.9,4.6
19.056,72.903,4.8
19.056,72.906,4.7
19.056,72.909,4.5
19.056,72.912,5.1
19.056,72.915,5.8
19.056,72.918,5.3
19.056,72.921,5.2
19.056,72.924,5.2
19.056,72.927,5.3
19.056,72.93,5.5
19.056,72.933,5.3
19.056,72.936,6.9
19.056,72.939,5.9
19.056,72.942,6.0
19.056,72.945,7.3
19.056,72.948,6.3
19.056,72.951,6.2
19.056,72.954,7.1
19.056,72.957,6.4
19.056,72.96,8.0
19.056,72.963,7.3
19.056,72.966,6.7
19.056,72.969,6.9
19.056,72.972,7.4
19.056,72.975,8.6
19.056,72.978,8.3
19.059,72.78,2.1
19.059,72.783,1.4
19.059,72.786,1.1
19.059,72.789,1.2
19.059,72.792,1.2
19.059,72.795,0.8
19.059,72.798,1.7
19.059,72.801,1.1
19.059,72.804,2.0
19.059,72.807,1.4
19.059,72.81,1.4
19.059,72.813,1.8
19.059,72.816,0.8
19.059,72.819,2.0
19.059,72.822,1.6
19.059,72.825,2.4
19.059,72.828,1.2
19.059,72.831,1.5
19.059,72.834,2.5
19.059,72.837,1.6
19.059,72.84,2.6
19.059,72.843,3.2
19.059,72.846,2.2
19.059,72.849,2.3
19.059,72.852,3.2
19.059,72.855,2.4
19.059,72.858,3.5
19.059,72.861,4.0
19.059,72.864,3.4
19.059,72.867,4.3
19.059,72.87,3.8
19.059,72.873,3.8
19.059,72.876,4.3
19.059,72.879,3.9
19.059,72.882,3.5
19.059,72.885,3.9
19.059,72.888,4.5
19.059,72.891,5.1
19.059,72.894,3.8
19.059,72.897,5.0
19.059,72.9,5.1
19.059,72.903,4.5
19.059,72.906,5.8
19.059,72.909,5.3
19.059,72.912,6.0
19.059,72.915,5.5
19.059,72.918,6.3
19.059,72.921,5.0
19.059,72.924,5.0
19.059,72.927,6.3
19.059,72.93,5.7
19.059,72.933,6.7
19.059,72.936,6.7
19.059,72.939,7.0
19.059,72.942,6.5
19.059,72.945,6.5
19.059,72.948,6.2
19.059,72.951,6.5
19.059,72.954,6.3
19.059,72.957,7.2
19.059,72.96,7.0
19.059,72.963,6.6
19.059,72.966,7.8
19.059,72.969,7.5
19.059,72.972,8.5
19.059,72.975,8.6
19.059,72.978,8.3
19.062,72.78,1.3
19.062,72.783,2.1
19.062,72.786,2.1
19.062,72.789,2.2
19.062,72.792,1.4
19.062,72.795,1.2
19.062,72.798,1.1
19.062,72.801,1.3
19.062,72.804,1.6
19.062,72.807,1.7
19.062,72.81,1.3
19.062,72.813,1.4
19.062,72.816,1.6
19.062,72.819,1.3
19.062,72.822,1.0
19.062,72.825,1.7
19.062,72.828,1.8
19.062,72.831,2.6
19.062,72.834,2.9
19.062,72.837,1.5
19.062,72.84,3.2
19.062,72.843,1.8
19.062,72.846,3.1
19.062,72.849,3.1
19.062,72.852,3.0
19.062,72.855,2.4
19.062,72.858,2.5
19.062,72.861,3.0
19.062,72.864,3.5
19.062,72.867,4.0
19.062,72.87,3.2
19.062,72.873,4.3
19.062,72.876,4.1
19.062,72.879,3.7
19.062,72.882,4.0
19.062,72.885,4.3
19.062,72.888,4.8
19.062,72.891,3.8
19.062,72.894,4.0
19.062,72.897,4.1
19.062,72.9,5.5
19.062,72.903,4.8
19.062,72.906,4.9
19.062,72.909,5.0
19.062,72.912,4.6
19.062,72.915,5.1
19.062,72.918,5.7
19.062,72.921,5.2
19.062,72.924,6.1
19.062,72.927,5.3
19.062,72.93,5.9
19.062,72.933,6.2
19.062,72.936,7.0
19.062,72.939,5.8
19.062,72.942,6.0
19.062,72.945,6.7
19.062,72.948,7.5
19.062,72.951,7.3
19.062,72.954,6.3
19.062,72.957,7.6
19.062,72.96,7.7
19.062,72.963,8.1
19.062,72.966,7.0
19.062,72.969,7.1
19.062,72.972,6.9
19.062,72.975,8.2
19.062,72.978,7.8
19.065,72.78,1.0
19.065,72.783,0.9
19.065,72.786,0.8
19.065,72.789,1.0
19.065,72.792,0.8
19.065,72.795,2.0
19.065,72.798,1.3
19.065,72.801,1.3
19.065,72.804,0.9
19.065,72.807,2.0
19.065,72.81,0.9
19.065,72.813,0.8
19.065,72.816,2.1
19.065,72.819,1.4
19.065,72.822,2.4
19.065,72.825,1.5
19.065,72.828,1.4
19.065,72.831,2.7
19.065,72.834,2.1
19.065,72.837,2.3
19.065,72.84,2.9
19.065,72.843,3.3
19.065,72.846,2.5
19.065,72.849,3.4
19.065,72.852,3.0
19.065,72.855,3.5
19.065,72.858,3.2
19.065,72.861,3.9
19.065,72.864,2.9
19.065,72.867,3.8
19.065,72.87,3.7
19.065,72.873,3.2
19.065,72.876,4.1
19.065,72.879,4.5
19.065,72.882,4.5
19.065,72.885,4.7
19.065,72.888,4.7
19.065,72.891,3.7
19.065,72.894,5.2
19.065,72.897,5.4
19.065,72.9,4.8
19.065,72.903,4.6
19.065,72.906,5.5
19.065,72.909,5.4
19.065,72.912,4.9
19.065,72.915,5.8
19.065,72.918,6.3
19.065,72.921,6.3
19.065,72.924,6.3
19.065,72.927,6.1
19.065,72.93,6.2
19.065,72.933,6.2
19.065,72.936,5.5
19.065,72.939,6.8
19.065,72.942,6.0
19.065,72.945,6.9
19.065,72.948,7.2
19.065,72.951,7.0
19.065,72.954,6.5
19.065,72.957,6.6
19.065,72.96,6.7
19.065,72.963,7.6
19.065,72.966,8.2
19.065,72.969,7.4
19.065,72.972,7.5
19.065,72.975,7.5
19.065,72.978,7.6
19.068,72.78,1.9
19.068,72.783,0.8
19.068,72.786,1.4
19.068,72.789,2.2
19.068,72.792,1.3
19.068,72.795,1.2
19.068,72.798,1.9
19.068,72.801,1.3
19.068,72.804,2.2
19.068,72.807,1.1
19.068,72.81,2.1
19.068,72.813,1.3
19.068,72.816,1.2
19.068,72.819,1.6
19.068,72.822,1.1
19.068,72.825,1.7
19.068,72.828,1.6
19.068,72.831,2.3
19.068,72.834,2.4
19.068,72.837,2.5
19.068,72.84,2.7
19.068,72.843,3.2
19.068,72.846,3.3
19.068,72.849,2.1
19.068,72.852,2.2
19.068,72.855,3.5
19.068,72.858,2.5
19.068,72.861,2.5
19.068,72.864,4.1
19.068,72.867,2.8
19.068,72.87,4.0
19.068,72.873,3.9
19.068,72.876,3.9
19.068,72.879,4.2
19.068,72.882,4.1
19.068,72.885,4.7
19.068,72.888,4.6
19.068,72.891,5.0
19.068,72.894,4.1
19.068,72.897,5.1
19.068,72.9,4.9
19.068,72.903,4.3
19.068,72.906,5.6
19.068,72.909,5.9
19.068,72.912,5.0
19.068,72.915,5.9
19.068,72.918,5.5
19.068,72.921,6.3
19.068,72.924,6.0
19.068,72.927,6.3
19.068,72.93,5.8
19.068,72.933,6.8
19.068,72.936,6.7
19.068,72.939,6.4
19.068,72.942,6.1
19.068,72.945,6.9
19.068,72.948,6.4
19.068,72.951,7.5
19.068,72.954,7.6
19.068,72.957,7.4
19.068,72.96,6.4
19.068,72.963,8.0
19.068,72.966,6.7
19.068,72.969,6.8
19.068,72.972,8.1
19.068,72.975,8.3
19.068,72.978,8.0
19.071,72.78,1.8
19.071,72.783,1.1
19.071,72.786,0.9
19.071,72.789,1.5
19.071,72.792,1.3
19.071,72.795,1.5
19.071,72.798,1.2
19.071,72.801,1.6
19.071,72.804,1.2
19.071,72.807,0.8
19.071,72.81,2.1
19.071,72.813,1.3
19.071,72.816,2.1
19.071,72.819,1.4
19.071,72.822,2.0
19.071,72.825,1.6
19.071,72.828,1.6
19.071,72.831,1.5
19.071,72.834,1.7
19.071,72.837,2.6
19.071,72.84,1.8
19.071,72.843,1.9
19.071,72.846,2.8
19.071,72.849,2.6
19.071,72.852,3.3
19.071,72.855,3.7
19.071,72.858,3.7
19.071,72.861,2.7
19.071,72.864,3.1
19.071,72.867,2.8
19.071,72.87,2.8
19.071,72.873,2.9
19.071,72.876,4.3
19.071,72.879,3.4
19.071,72.882,4.3
19.071,72.885,4.3
19.071,72.888,5.1
19.071,72.891,4.6
19.071,72.894,3.8
19.071,72.897,5.1
19.071,72.9,5.6
19.071,72.903,5.1
19.071,72.906,5.5
19.071,72.909,4.7
19.071,72.912,5.5
19.071,72.915,5.0
19.071,72.918,5.0
19.071,72.921,6.2
19.071,72.924,6.1
19.071,72.927,6.4
19.071,72.93,5.8
19.071,72.933,5.7
19.071,72.936,5.5
19.071,72.939,5.7
19.071,72.942,5.9
19.071,72.945,5.8
19.071,72.948,7.5
19.071,72.951,7.4
19.071,72.954,6.3
19.071,72.957,7.8
19.071,72.96,6.6
19.071,72.963,6.7
19.071,72.966,7.1
19.071,72.969,7.0
19.071,72.972,7.0
19.071,72.975,8.4
19.071,72.978,8.6
19.074,72.78,0.9
19.074,72.783,0.8
19.074,72.786,1.9
19.074,72.789,1.3
19.074,72.792,1.4
19.074,72.795,1.6
19.074,72.798,0.9
19.074,72.801,1.3
19.074,72.804,2.0
19.074,72.807,1.6
19.074,72.81,1.3
19.074,72.813,0.9
19.074,72.816,1.1
19.074,72.819,2.2
19.074,72.822,1.9
19.074,72.825,2.0
19.074,72.828,2.5
19.074,72.831,1.4
19.074,72.834,1.9
19.074,72.837,2.0
19.074,72.84,3.2
19.074,72.843,2.7
19.074,72.846,1.8
19.074,72.849,2.8
19.074,72.852,2.5
19.074,72.855,2.4
19.074,72.858,3.3
19.074,72.861,3.3
19.074,72.864,3.4
19.074,72.867,3.9
19.074,72.87,3.1
19.074,72.873,3.5
19.074,72.876,4.5
19.074,72.879,3.2
19.074,72.882,3.5
19.074,72.885,3.5
19.074,72.888,4.6
19.074,72.891,3.8
19.074,72.894,4.2
19.074,72.897,4.2
19.074,72.9,4.1
19.074,72.903,5.3
19.074,72.906,5.3
19.074,72.909,5.1
19.074,72.912,5.8
19.074,72.915,5.3
19.074,72.918,6.2
19.074,72.921,6.3
19.074,72.924,5.4
19.074,72.927,5.4
19.074,72.93,6.6
19.074,72.933,6.5
19.074,72.936,7.0
19.074,72.939,5.7
19.074,72.942,6.9
19.074,72.945,6.7
19.074,72.948,6.2
19.074,72.951,6.4
19.074,72.954,7.3
19.074,72.957,7.0
19.074,72.96,7.1
19.074,72.963,7.5
19.074,72.966,7.1
19.074,72.969,7.3
19.074,72.972,7.1
19.074,72.975,7.6
19.074,72.978,7.4
19.077,72.78,1.2
19.077,72.783,2.0
19.077,72.786,1.9
19.077,72.789,1.3
19.077,72.792,2.0
19.077,72.795,2.1
19.077,72.798,1.0
19.077,72.801,1.3
19.077,72.804,1.6
19.077,72.807,2.0
19.077,72.81,2.1
19.077,72.813,1.4
19.077,72.816,1.3
19.077,72.819,0.9
19.077,72.822,2.2
19.077,72.825,1.7
19.077,72.828,1.4
19.077,72.831,1.6
19.077,72.834,1.7
19.077,72.837,2.1
19.077,72.84,1.8
19.077,72.843,2.2
19.077,72.846,1.9
19.077,72.849,3.1
19.077,72.852,3.2
19.077,72.855,2.5
19.077,72.858,3.2
19.077,72.861,3.0
19.077,72.864,2.9
19.077,72.867,2.8
19.077,72.87,3.3
19.077,72.873,3.3
19.077,72.876,3.4
19.077,72.879,4.1
19.077,72.882,4.4
19.077,72.885,4.9
19.077,72.888,4.8
19.077,72.891,4.7
19.077,72.894,4.7
19.077,72.897,4.9
19.077,72.9,5.1
19.077,72.903,4.8
19.077,72.906,5.5
19.077,72.909,4.7
19.077,72.912,4.6
19.077,72.915,5.4
19.077,72.918,4.8
19.077,72.921,5.3
19.077,72.924,5.2
19.077,72.927,5.8
19.077,72.93,6.2
19.077,72.933,6.3
19.077,72.936,5.8
19.077,72.939,5.6
19.077,72.942,5.7
19.077,72.945,7.1
19.077,72.948,6.8
19.077,72.951,6.0
19.077,72.954,6.9
19.077,72.957,6.5
19.077,72.96,7.9
19.077,72.963,6.6
19.077,72.966,7.5
19.077,72.969,7.6
19.077,72.972,7.4
19.077,72.975,7.0
19.077,72.978,7.9
19.08,72.78,1.9
19.08,72.783,1.3
19.08,72.786,1.1
19.08,72.789,1.1
19.08,72.792,1.2
19.08,72.795,0.8
19.08,72.798,1.8
19.08,72.801,1.4
19.08,72.804,0.8
19.08,72.807,1.1
19.08,72.81,2.2
19.08,72.813,1.4
19.08,72.816,1.7
19.08,72.819,2.2
19.08,72.822,2.2
19.08,72.825,2.5
19.08,72.828,1.3
19.08,72.831,1.6
19.08,72.834,2.7
19.08,72.837,1.7
19.08,72.84,3.2
19.08,72.843,3.1
19.08,72.846,3.0
19.08,72.849,2.3
19.08,72.852,2.2
19.08,72.855,3.4
19.08,72.858,3.6
19.08,72.861,3.7
19.08,72.864,3.4
19.08,72.867,2.7
19.08,72.87,3.9
19.08,72.873,3.0
19.08,72.876,4.5
19.08,72.879,3.2
19.08,72.882,3.4
19.08,72.885,3.9
19.08,72.888,3.9
19.08,72.891,4.7
19.08,72.894,5.0
19.08,72.897,4.5
19.08,72.9,5.1
19.08,72.903,5.6
19.08,72.906,5.2
19.08,72.909,4.6
19.08,72.912,5.0
19.08,72.915,4.8
19.08,72.918,5.7
19.08,72.921,6.2
19.08,72.924,6.4
19.08,72.927,6.1
19.08,72.93,6.3
19.08,72.933,6.2
19.08,72.936,5.8
19.08,72.939,6.3
19.08,72.942,6.5
19.08,72.945,6.2
19.08,72.948,7.2
19.08,72.951,6.8
19.08,72.954,6.3
19.08,72.957,7.5
19.08,72.96,7.5
19.08,72.963,7.1
19.08,72.966,8.0
19.08,72.969,7.1
19.08,72.972,7.9
19.08,72.975,8.4
19.08,72.978,8.2
19.083,72.78,0.8
19.083,72.783,1.4
19.083,72.786,0.9
19.083,72.789,1.7
19.083,72.792,1.3
19.083,72.795,1.2
19.083,72.798,1.4
19.083,72.801,1.1
19.083,72.804,1.9
19.083,72.807,1.8
19.083,72.81,1.4
19.083,72.813,1.1
19.083,72.816,2.2
19.083,72.819,1.9
19.083,72.822,1.9
19.083,72.825,2.4
19.083,72.828,1.3
19.083,72.831,1.4
19.083,72.834,2.8
19.083,72.837,2.1
19.083,72.84,2.3
19.083,72.843,2.7
19.083,72.846,2.2
19.083,72.849,2.6
19.083,72.852,2.2
19.083,72.855,2.9
19.083,72.858,3.4
19.083,72.861,4.0
19.083,72.864,3.5
19.083,72.867,2.8
19.083,72.87,3.5
19.083,72.873,3.1
19.083,72.876,3.2
19.083,72.879,3.2
19.083,72.882,4.0
19.083,72.885,3.8
19.083,72.888,4.3
19.083,72.891,4.5
19.083,72.894,4.3
19.083,72.897,4.1
19.083,72.9,4.9
19.083,72.903,4.7
19.083,72.906,4.6
19.083,72.909,5.0
19.083,72.912,5.2
19.083,72.915,5.1
19.083,72.918,5.4
19.083,72.921,5.4
19.083,72.924,5.0
19.083,72.927,5.7
19.083,72.93,6.7
19.083,72.933,5.6
19.083,72.936,5.7
19.083,72.939,5.8
19.083,72.942,6.1
19.083,72.945,6.8
19.083,72.948,6.7
19.083,72.951,6.2
19.083,72.954,6.2
19.083,72.957,6.7
19.083,72.96,6.6
19.083,72.963,6.7
19.083,72.966,8.1
19.083,72.969,7.7
19.083,72.972,7.3
19.083,72.975,7.9
19.083,72.978,7.6
19.086,72.78,2.0
19.086,72.783,1.7
19.086,72.786,1.2
19.086,72.789,1.2
19.086,72.792,1.0
19.086,72.795,1.9
19.086,72.798,1.7
19.086,72.801,1.4
19.086,72.804,0.9
19.086,72.807,0.9
19.086,72.81,1.6
19.086,72.813,1.7
19.086,72.816,1.1
19.086,72.819,0.8
19.086,72.822,1.2
19.086,72.825,2.5
19.086,72.828,2.1
19.086,72.831,2.4
19.086,72.834,2.7
19.086,72.837,2.6
19.086,72.84,1.9
19.086,72.843,2.8
19.086,72.846,2.1
19.086,72.849,2.5
19.086,72.852,2.8
19.086,72.855,3.7
19.086,72.858,3.4
19.086,72.861,3.1
19.086,72.864,2.6
19.086,72.867,4.2
19.086,72.87,4.2
19.086,72.873,3.2
19.086,72.876,4.3
19.086,72.879,3.2
19.086,72.882,3.8
19.086,72.885,4.2
19.086,72.888,3.5
19.086,72.891,5.0
19.086,72.894,4.5
19.086,72.897,4.0
19.086,72.9,4.0
19.086,72.903,5.2
19.086,72.906,4.7
19.086,72.909,4.7
19.086,72.912,5.3
19.086,72.915,5.8
19.086,72.918,6.0
19.086,72.921,5.0
19.086,72.924,6.2
19.086,72.927,5.6
19.086,72.93,6.0
19.086,72.933,5.9
19.086,72.936,6.3
19.086,72.939,6.6
19.086,72.942,6.1
19.086,72.945,6.5
19.086,72.948,7.2
19.086,72.951,6.5
19.086,72.954,6.7
19.086,72.957,7.1
19.086,72.96,7.5
19.086,72.963,7.9
19.086,72.966,8.0
19.086,72.969,7.5
19.086,72.972,7.3
19.086,72.975,7.8
19.086,72.978,8.1
19.089,72.78,0.8
19.089,72.783,1.3
19.089,72.786,1.0
19.089,72.789,2.2
19.089,72.792,1.2
19.089,72.795,0.8
19.089,72.798,1.5
19.089,72.801,1.7
19.089,72.804,1.3
19.089,72.807,0.9
19.089,72.81,0.8
19.089,72.813,2.1
19.089,72.816,1.2
19.089,72.819,0.9
19.089,72.822,1.3
19.089,72.825,2.0
19.089,72.828,2.0
19.089,72.831,2.7
19.089,72.834,2.9
19.089,72.837,2.9
19.089,72.84,1.9
19.089,72.843,3.2
19.089,72.846,2.4
19.089,72.849,2.5
19.089,72.852,3.0
19.089,72.855,3.7
19.089,72.858,2.8
19.089,72.861,2.7
19.089,72.864,3.5
19.089,72.867,3.8
19.089,72.87,4.1
19.089,72.873,3.1
19.089,72.876,4.3
19.089,72.879,4.1
19.089,72.882,4.5
19.089,72.885,4.0
19.089,72.888,3.7
19.089,72.891,3.7
19.089,72.894,5.2
19.089,72.897,4.1
19.089,72.9,5.1
19.089,72.903,5.0
19.089,72.906,4.7
19.089,72.909,5.3
19.089,72.912,4.7
19.089,72.915,5.4
19.089,72.918,4.8
19.089,72.921,5.3
19.089,72.924,5.7
19.089,72.927,5.4
19.089,72.93,6.5
19.089,72.933,5.5
19.089,72.936,6.2
19.089,72.939,5.6
19.089,72.942,6.2
19.089,72.945,7.1
19.089,72.948,6.0
19.089,72.951,6.3
19.089,72.954,7.6
19.089,72.957,7.5
19.089,72.96,7.2
19.089,72.963,8.1
19.089,72.966,7.5
19.089,72.969,8.3
19.089,72.972,8.0
19.089,72.975,7.2
19.089,72.978,8.3
19.092,72.78,1.3
19.092,72.783,2.1
19.092,72.786,1.1
19.092,72.789,0.8
19.092,72.792,2.1
19.092,72.795,1.0
19.092,72.798,1.7
19.092,72.801,1.2
19.092,72.804,1.2
19.092,72.807,2.0
19.092,72.81,2.0
19.092,72.813,2.1
19.092,72.816,1.6
19.092,72.819,1.0
19.092,72.822,1.6
19.092,72.825,2.4
19.092,72.828,2.4
19.092,72.831,1.5
19.092,72.834,2.6
19.092,72.837,1.9
19.092,72.84,2.3
19.092,72.843,2.0
19.092,72.846,2.3
19.092,72.849,2.4
19.092,72.852,3.6
19.092,72.855,2.9
19.092,72.858,2.6
19.092,72.861,3.7
19.092,72.864,3.9
19.092,72.867,2.8
19.092,72.87,3.6
19.092,72.873,4.0
19.092,72.876,3.8
19.092,72.879,4.3
19.092,72.882,3.9
19.092,72.885,4.0
19.092,72.888,4.3
19.092,72.891,5.2
19.092,72.894,4.5
19.092,72.897,5.3
19.092,72.9,4.0
19.092,72.903,5.3
19.092,72.906,4.4
19.092,72.909,4.6
19.092,72.912,5.9
19.092,72.915,5.9
19.092,72.918,5.6
19.092,72.921,5.4
19.092,72.924,6.0
19.092,72.927,6.5
19.092,72.93,6.6
19.092,72.933,5.4
19.092,72.936,6.8
19.092,72.939,5.8
19.092,72.942,6.8
19.092,72.945,6.5
19.092,72.948,7.1
19.092,72.951,6.9
19.092,72.954,7.5
19.092,72.957,6.4
19.092,72.96,6.8
19.092,72.963,8.1
19.092,72.966,6.8
19.092,72.969,7.7
19.092,72.972,8.2
19.092,72.975,7.9
19.092,72.978,8.2
19.095,72.78,2.0
19.095,72.783,0.8
19.095,72.786,1.5
19.095,72.789,1.4
19.095,72.792,1.7
19.095,72.795,1.7
19.095,72.798,1.4
19.095,72.801,1.5
19.095,72.804,2.1
19.095,72.807,0.8
19.095,72.81,2.0
19.095,72.813,1.6
19.095,72.816,0.9
19.095,72.819,1.8
19.095,72.822,2.0
19.095,72.825,2.5
19.095,72.828,2.4
19.095,72.831,2.2
19.095,72.834,1.7
19.095,72.837,1.6
19.095,72.84,1.8
19.095,72.843,3.1
19.095,72.846,2.7
19.095,72.849,2.4
19.095,72.852,2.2
19.095,72.855,2.2
19.095,72.858,3.1
19.095,72.861,3.1
19.095,72.864,4.0
19.095,72.867,3.2
19.095,72.87,3.6
19.095,72.873,3.2
19.095,72.876,3.4
19.095,72.879,4.5
19.095,72.882,3.7
19.095,72.885,4.4
19.095,72.888,4.2
19.095,72.891,4.7
19.095,72.894,4.0
19.095,72.897,4.1
19.095,72.9,4.0
19.095,72.903,4.3
19.095,72.906,5.4
19.095,72.909,4.7
19.095,72.912,5.3
19.095,72.915,5.7
19.095,72.918,5.0
19.095,72.921,5.6
19.095,72.924,5.4
19.095,72.927,5.2
19.095,72.93,6.1
19.095,72.933,5.9
19.095,72.936,5.9
19.095,72.939,6.2
19.095,72.942,7.0
19.095,72.945,6.5
19.095,72.948,7.2
19.095,72.951,6.3
19.095,72.954,6.6
19.095,72.957,6.5
19.095,72.96,7.0
19.095,72.963,7.4
19.095,72.966,6.7
19.095,72.969,7.8
19.095,72.972,7.9
19.095,72.975,7.7
19.095,72.978,8.6
19.098,72.78,1.2
19.098,72.783,0.8
19.098,72.786,2.0
19.098,72.789,1.3
19.098,72.792,0.8
19.098,72.795,0.9
19.098,72.798,1.4
19.098,72.801,2.0
19.098,72.804,0.9
19.098,72.807,2.0
19.098,72.81,1.4
19.098,72.813,1.4
19.098,72.816,0.9
19.098,72.819,1.0
19.098,72.822,1.9
19.098,72.825,1.9
19.098,72.828,1.9
19.098,72.831,2.6
19.098,72.834,1.6
19.098,72.837,2.7
19.098,72.84,2.7
19.098,72.843,3.2
19.098,72.846,1.9
19.098,72.849,3.3
19.098,72.852,2.9
19.098,72.855,3.7
19.098,72.858,3.3
19.098,72.861,2.7
19.098,72.864,3.7
19.098,72.867,3.5
19.098,72.87,3.9
19.098,72.873,3.3
19.098,72.876,4.2
19.098,72.879,4.1
19.098,72.882,4.2
19.098,72.885,4.3
19.098,72.888,4.8
19.098,72.891,3.7
19.098,72.894,3.8
19.098,72.897,5.1
19.098,72.9,4.4
19.098,72.903,5.2
19.098,72.906,5.0
19.098,72.909,5.4
19.098,72.912,5.0
19.098,72.915,5.0
19.098,72.918,6.0
19.098,72.921,6.3
19.098,72.924,6.2
19.098,72.927,5.2
19.098,72.93,6.6
19.098,72.933,6.5
19.098,72.936,6.1
19.098,72.939,7.1
19.098,72.942,7.2
19.098,72.945,5.9
19.098,72.948,6.3
19.098,72.951,6.1
19.098,72.954,7.4
19.098,72.957,7.0
19.098,72.96,7.0
19.098,72.963,7.5
19.098,72.966,6.7
19.098,72.969,7.0
19.098,72.972,7.1
19.098,72.975,7.7
19.098,72.978,7.3
19.101,72.78,1.6
19.101,72.783,1.5
19.101,72.786,0.9
19.101,72.789,1.4
19.101,72.792,1.7
19.101,72.795,1.0
19.101,72.798,1.8
19.101,72.801,1.3
19.101,72.804,1.4
19.101,72.807,1.9
19.101,72.81,0.8
19.101,72.813,0.8
19.101,72.816,2.2
19.101,72.819,0.9
19.101,72.822,0.9
19.101,72.825,1.2
19.101,72.828,1.1
19.101,72.831,2.5
19.101,72.834,2.3
19.101,72.837,2.9
19.101,72.84,2.1
19.101,72.843,2.8
19.101,72.846,3.4
19.101,72.849,3.1
19.101,72.852,2.9
19.101,72.855,2.5
19.101,72.858,2.7
19.101,72.861,3.8
19.101,72.864,3.4
19.101,72.867,3.3
19.101,72.87,4.2
19.101,72.873,4.3
19.101,72.876,4.3
19.101,72.879,3.9
19.101,72.882,4.3
19.101,72.885,4.8
19.101,72.888,4.4
19.101,72.891,3.8
19.101,72.894,4.6
19.101,72.897,4.0
19.101,72.9,4.8
19.101,72.903,4.2
19.101,72.906,5.1
19.101,72.909,4.4
19.101,72.912,5.8
19.101,72.915,5.1
19.101,72.918,6.0
19.101,72.921,5.5
19.101,72.924,5.5
19.101,72.927,6.5
19.101,72.93,5.5
19.101,72.933,5.8
19.101,72.936,6.3
19.101,72.939,5.9
19.101,72.942,6.5
19.101,72.945,6.8
19.101,72.948,6.4
19.101,72.951,7.0
19.101,72.954,7.0
19.101,72.957,7.7
19.101,72.96,7.3
19.101,72.963,8.0
19.101,72.966,8.2
19.101,72.969,7.8
19.101,72.972,6.9
19.101,72.975,7.7
19.101,72.978,7.4
19.104,72.78,2.0
19.104,72.783,0.8
19.104,72.786,0.9
19.104,72.789,1.9
19.104,72.792,1.1
19.104,72.795,1.8
19.104,72.798,2.1
19.104,72.801,0.8
19.104,72.804,1.4
19.104,72.807,1.9
19.104,72.81,1.5
19.104,72.813,1.6
19.104,72.816,2.0
19.104,72.819,2.1
19.104,72.822,1.4
19.104,72.825,1.1
19.104,72.828,1.8
19.104,72.831,2.4
19.104,72.834,2.8
19.104,72.837,2.9
19.104,72.84,2.4
19.104,72.843,1.9
19.104,72.846,3.0
19.104,72.849,2.1
19.104,72.852,2.9
19.104,72.855,2.6
19.104,72.858,2.9
19.104,72.861,3.2
19.104,72.864,3.8
19.104,72.867,4.1
19.104,72.87,3.2
19.104,72.873,4.4
19.104,72.876,3.1
19.104,72.879,4.4
19.104,72.882,3.6
19.104,72.885,4.4
19.104,72.888,4.1
19.104,72.891,4.7
19.104,72.894,3.8
19.104,72.897,4.7
19.104,72.9,4.6
19.104,72.903,4.7
19.104,72.906,4.4
19.104,72.909,5.5
19.104,72.912,5.4
19.104,72.915,4.8
19.104,72.918,4.9
19.104,72.921,5.8
19.104,72.924,6.4
19.104,72.927,5.6
19.104,72.93,5.7
19.104,72.933,6.8
19.104,72.936,5.8
19.104,72.939,5.7
19.104,72.942,5.7
19.104,72.945,6.5
19.104,72.948,7.1
19.104,72.951,7.3
19.104,72.954,7.0
19.104,72.957,6.4
19.104,72.96,7.7
19.104,72.963,7.9
19.104,72.966,7.0
19.104,72.969,6.9
19.104,72.972,7.0
19.104,72.975,7.7
19.104,72.978,7.6
19.107,72.78,1.1
19.107,72.783,1.6
19.107,72.786,2.0
19.107,72.789,2.2
19.107,72.792,0.8
19.107,72.795,1.2
19.107,72.798,1.7
19.107,72.801,1.7
19.107,72.804,0.8
19.107,72.807,2.1
19.107,72.81,0.9
19.107,72.813,1.7
19.107,72.816,1.9
19.107,72.819,2.2
19.107,72.822,2.3
19.107,72.825,1.7
19.107,72.828,1.6
19.107,72.831,1.8
19.107,72.834,2.2
19.107,72.837,2.9
19.107,72.84,2.0
19.107,72.843,3.1
19.107,72.846,2.4
19.107,72.849,2.8
19.107,72.852,2.2
19.107,72.855,2.8
19.107,72.858,3.0
19.107,72.861,4.0
19.107,72.864,3.3
19.107,72.867,2.8
19.107,72.87,4.3
19.107,72.873,4.3
19.107,72.876,3.9
19.107,72.879,3.6
19.107,72.882,4.2
19.107,72.885,3.6
19.107,72.888,4.7
19.107,72.891,4.9
19.107,72.894,3.8
19.107,72.897,4.3
19.107,72.9,4.7
19.107,72.903,5.3
19.107,72.906,5.8
19.107,72.909,4.4
19.107,72.912,5.8
19.107,72.915,5.0
19.107,72.918,5.7
19.107,72.921,5.3
19.107,72.924,6.5
19.107,72.927,5.2
19.107,72.93,6.6
19.107,72.933,5.9
19.107,72.936,5.5
19.107,72.939,6.2
19.107,72.942,6.4
19.107,72.945,6.2
19.107,72.948,6.5
19.107,72.951,7.1
19.107,72.954,7.0
19.107,72.957,7.3
19.107,72.96,6.5
19.107,72.963,7.7
19.107,72.966,8.1
19.107,72.969,8.2
19.107,72.972,8.1
19.107,72.975,7.5
19.107,72.978,8.4
19.11,72.78,1.0
19.11,72.783,1.8
19.11,72.786,0.9
19.11,72.789,0.8
19.11,72.792,1.8
19.11,72.795,1.6
19.11,72.798,2.0
19.11,72.801,1.9
19.11,72.804,2.1
19.11,72.807,1.8
19.11,72.81,1.9
19.11,72.813,1.5
19.11,72.816,2.2
19.11,72.819,2.3
19.11,72.822,1.3
19.11,72.825,2.6
19.11,72.828,2.0
19.11,72.831,1.9
19.11,72.834,2.5
19.11,72.837,2.7
19.11,72.84,2.0
19.11,72.843,3.3
19.11,72.846,2.6
19.11,72.849,3.5
19.11,72.852,2.5
19.11,72.855,3.7
19.11,72.858,2.8
19.11,72.861,3.5
19.11,72.864,3.0
19.11,72.867,4.3
19.11,72.87,4.0
19.11,72.873,3.4
19.11,72.876,4.0
19.11,72.879,3.2
19.11,72.882,3.7
19.11,72.885,3.8
19.11,72.888,3.9
19.11,72.891,4.7
19.11,72.894,5.0
19.11,72.897,3.9
19.11,72.9,4.5
19.11,72.903,5.2
19.11,72.906,5.6
19.11,72.909,5.7
19.11,72.912,5.2
19.11,72.915,4.6
19.11,72.918,4.7
19.11,72.921,4.9
19.11,72.924,5.5
19.11,72.927,6.1
19.11,72.93,6.1
19.11,72.933,6.0
19.11,72.936,6.4
19.11,72.939,5.7
19.11,72.942,7.1
19.11,72.945,6.7
19.11,72.948,7.4
19.11,72.951,6.7
19.11,72.954,6.6
19.11,72.957,7.5
19.11,72.96,6.8
19.11,72.963,7.3
19.11,72.966,7.0
19.11,72.969,7.0
19.11,72.972,8.3
19.11,72.975,8.0
19.11,72.978,7.5
19.113,72.78,1.6
19.113,72.783,0.9
19.113,72.786,1.4
19.113,72.789,1.3
19.113,72.792,1.1
19.113,72.795,1.5
19.113,72.798,1.0
19.113,72.801,2.1
19.113,72.804,2.2
19.113,72.807,2.2
19.113,72.81,0.8
19.113,72.813,2.0
19.113,72.816,2.0
19.113,72.819,1.6
19.113,72.822,1.0
19.113,72.825,1.4
19.113,72.828,1.3
19.113,72.831,2.1
19.113,72.834,1.5
19.113,72.837,1.6
19.113,72.84,1.9
19.113,72.843,2.6
19.113,72.846,3.2
19.113,72.849,3.0
19.113,72.852,2.2
19.113,72.855,2.9
19.113,72.858,2.8
19.113,72.861,2.5
19.113,72.864,3.5
19.113,72.867,3.3
19.113,72.87,4.4
19.113,72.873,4.4
19.113,72.876,3.6
19.113,72.879,4.7
19.113,72.882,3.8
19.113,72.885,3.4
19.113,72.888,4.1
19.113,72.891,4.1
19.113,72.894,4.0
19.113,72.897,4.8
19.113,72.9,4.2
19.113,72.903,4.5
19.113,72.906,4.7
19.113,72.909,5.5
19.113,72.912,5.7
19.113,72.915,5.9
19.113,72.918,5.9
19.113,72.921,6.3
19.113,72.924,5.6
19.113,72.927,6.0
19.113,72.93,6.3
19.113,72.933,5.6
19.113,72.936,6.7
19.113,72.939,6.6
19.113,72.942,7.2
19.113,72.945,7.3
19.113,72.948,7.5
19.113,72.951,6.9
19.113,72.954,7.8
19.113,72.957,7.3
19.113,72.96,7.6
19.113,72.963,7.4
19.113,72.966,6.8
19.113,72.969,8.2
19.113,72.972,8.2
19.113,72.975,8.0
19.113,72.978,8.2
19.116,72.78,1.4
19.116,72.783,1.1
19.116,72.786,0.9
19.116,72.789,1.5
19.116,72.792,2.1
19.116,72.795,1.1
19.116,72.798,1.9
19.116,72.801,2.2
19.116,72.804,1.0
19.116,72.807,1.1
19.116,72.81,2.2
19.116,72.813,1.7
19.116,72.816,1.4
19.116,72.819,2.3
19.116,72.822,1.5
19.116,72.825,1.1
19.116,72.828,2.0
19.116,72.831,1.4
19.116,72.834,1.9
19.116,72.837,2.3
19.116,72.84,2.0
19.116,72.843,3.0
19.116,72.846,2.2
19.116,72.849,3.3
19.116,72.852,3.7
19.116,72.855,3.7
19.116,72.858,2.7
19.116,72.861,3.9
19.116,72.864,3.6
19.116,72.867,3.7
19.116,72.87,3.8
19.116,72.873,4.2
19.116,72.876,3.6
19.116,72.879,3.3
19.116,72.882,3.9
19.116,72.885,4.2
19.116,72.888,3.8
19.116,72.891,4.4
19.116,72.894,5.2
19.116,72.897,4.2
19.116,72.9,4.3
19.116,72.903,4.8
19.116,72.906,4.5
19.116,72.909,5.0
19.116,72.912,5.7
19.116,72.915,5.7
19.116,72.918,5.5
19.116,72.921,5.0
19.116,72.924,6.4
19.116,72.927,6.4
19.116,72.93,5.2
19.116,72.933,5.6
19.116,72.936,5.6
19.116,72.939,6.4
19.116,72.942,6.5
19.116,72.945,6.4
19.116,72.948,6.6
19.116,72.951,6.2
19.116,72.954,7.3
19.116,72.957,6.7
19.116,72.96,6.9
19.116,72.963,7.1
19.116,72.966,8.0
19.116,72.969,7.3
19.116,72.972,7.9
19.116,72.975,7.2
19.116,72.978,8.3
19.119,72.78,0.8
19.119,72.783,2.1
19.119,72.786,2.1
19.119,72.789,2.1
19.119,72.792,1.6
19.119,72.795,1.8
19.119,72.798,1.3
19.119,72.801,1.8
19.119,72.804,1.7
19.119,72.807,1.8
19.119,72.81,1.8
19.119,72.813,1.5
19.119,72.816,2.0
19.119,72.819,1.6
19.119,72.822,1.1
19.119,72.825,1.0
19.119,72.828,2.1
19.119,72.831,2.3
19.119,72.834,2.1
19.119,72.837,2.0
19.119,72.84,1.9
19.119,72.843,2.9
19.119,72.846,2.3
19.119,72.849,3.2
19.119,72.852,2.5
19.119,72.855,3.0
19.119,72.858,2.4
19.119,72.861,3.3
19.119,72.864,3.4
19.119,72.867,3.5
19.119,72.87,4.3
19.119,72.873,3.4
19.119,72.876,3.7
19.119,72.879,4.4
19.119,72.882,4.8
19.119,72.885,3.5
19.119,72.888,5.0
19.119,72.891,5.1
19.119,72.894,4.9
19.119,72.897,4.6
19.119,72.9,4.4
19.119,72.903,5.5
19.119,72.906,4.7
19.119,72.909,4.9
19.119,72.912,4.7
19.119,72.915,5.1
19.119,72.918,5.5
19.119,72.921,5.2
19.119,72.924,5.2
19.119,72.927,6.6
19.119,72.93,5.6
19.119,72.933,6.3
19.119,72.936,5.6
19.119,72.939,5.9
19.119,72.942,6.1
19.119,72.945,6.0
19.119,72.948,6.8
19.119,72.951,6.9
19.119,72.954,6.4
19.119,72.957,7.2
19.119,72.96,6.5
19.119,72.963,7.9
19.119,72.966,7.5
19.119,72.969,7.1
19.119,72.972,7.7
19.119,72.975,8.3
19.119,72.978,7.7
19.122,72.78,1.1
19.122,72.783,2.1
19.122,72.786,1.3
19.122,72.789,1.3
19.122,72.792,0.8
19.122,72.795,1.3
19.122,72.798,2.1
19.122,72.801,1.7
19.122,72.804,2.1
19.122,72.807,0.8
19.122,72.81,2.0
19.122,72.813,1.4
19.122,72.816,0.8
19.122,72.819,1.0
19.122,72.822,1.3
19.122,72.825,2.1
19.122,72.828,2.7
19.122,72.831,2.5
19.122,72.834,2.6
19.122,72.837,1.8
19.122,72.84,1.7
19.122,72.843,2.0
19.122,72.846,2.4
19.122,72.849,2.7
19.122,72.852,3.3
19.122,72.855,3.3
19.122,72.858,2.4
19.122,72.861,3.5
19.122,72.864,4.0
19.122,72.867,2.7
19.122,72.87,3.0
19.122,72.873,4.0
19.122,72.876,3.9
19.122,72.879,3.5
19.122,72.882,4.2
19.122,72.885,4.7
19.122,72.888,4.5
19.122,72.891,5.2
19.122,72.894,4.8
19.122,72.897,4.3
19.122,72.9,4.9
19.122,72.903,5.5
19.122,72.906,4.6
19.122,72.909,4.7
19.122,72.912,5.2
19.122,72.915,5.4
19.122,72.918,5.0
19.122,72.921,5.6
19.122,72.924,5.2
19.122,72.927,6.1
19.122,72.93,5.3
19.122,72.933,6.1
19.122,72.936,6.6
19.122,72.939,5.9
19.122,72.942,6.4
19.122,72.945,6.6
19.122,72.948,6.9
19.122,72.951,7.2
19.122,72.954,6.2
19.122,72.957,7.4
19.122,72.96,7.4
19.122,72.963,7.5
19.122,72.966,7.0
19.122,72.969,7.3
19.122,72.972,7.7
19.122,72.975,8.5
19.122,72.978,8.5
19.125,72.78,1.9
19.125,72.783,2.0
19.125,72.786,1.7
19.125,72.789,1.4
19.125,72.792,1.6
19.125,72.795,1.6
19.125,72.798,1.5
19.125,72.801,1.1
19.125,72.804,1.0
19.125,72.807,2.1
19.125,72.81,2.0
19.125,72.813,1.8
19.125,72.816,1.3
19.125,72.819,1.5
19.125,72.822,1.3
19.125,72.825,1.7
19.125,72.828,1.4
19.125,72.831,2.8
19.125,72.834,2.4
19.125,72.837,2.0
19.125,72.84,2.2
19.125,72.843,1.9
19.125,72.846,3.3
19.125,72.849,3.3
19.125,72.852,3.5
19.125,72.855,3.2
19.125,72.858,3.4
19.125,72.861,2.5
19.125,72.864,3.0
19.125,72.867,3.0
19.125,72.87,4.2
19.125,72.873,3.6
19.125,72.876,3.9
19.125,72.879,3.7
19.125,72.882,4.4
19.125,72.885,4.1
19.125,72.888,4.8
19.125,72.891,4.3
19.125,72.894,4.2
19.125,72.897,4.0
19.125,72.9,4.8
19.125,72.903,4.5
19.125,72.906,5.3
19.125,72.909,4.4
19.125,72.912,5.2
19.125,72.915,5.0
19.125,72.918,6.1
19.125,72.921,5.7
19.125,72.924,6.2
19.125,72.927,5.3
19.125,72.93,6.7
19.125,72.933,6.3
19.125,72.936,5.6
19.125,72.939,6.4
19.125,72.942,7.2
19.125,72.945,5.8
19.125,72.948,6.5
19.125,72.951,7.3
19.125,72.954,6.7
19.125,72.957,6.8
19.125,72.96,7.6
19.125,72.963,6.6
19.125,72.966,6.7
19.125,72.969,7.1
19.125,72.972,7.7
19.125,72.975,8.6
19.125,72.978,8.5
19.128,72.78,1.2
19.128,72.783,1.7
19.128,72.786,1.1
19.128,72.789,0.9
19.128,72.792,1.2
19.128,72.795,1.3
19.128,72.798,1.5
19.128,72.801,1.0
19.128,72.804,0.8
19.128,72.807,2.0
19.128,72.81,1.8
19.128,72.813,1.4
19.128,72.816,1.4
19.128,72.819,2.0
19.128,72.822,0.9
19.128,72.825,1.5
19.128,72.828,1.2
19.128,72.831,2.3
19.128,72.834,2.5
19.128,72.837,1.5
19.128,72.84,2.8
19.128,72.843,3.0
19.128,72.846,2.4
19.128,72.849,2.6
19.128,72.852,3.4
19.128,72.855,3.6
19.128,72.858,3.7
19.128,72.861,2.6
19.128,72.864,3.4
19.128,72.867,3.8
19.128,72.87,4.0
19.128,72.873,3.0
19.128,72.876,4.2
19.128,72.879,4.0
19.128,72.882,4.8
19.128,72.885,3.6
19.128,72.888,4.5
19.128,72.891,4.3
19.128,72.894,5.1
19.128,72.897,5.3
19.128,72.9,5.3
19.128,72.903,4.8
19.128,72.906,5.4
19.128,72.909,4.8
19.128,72.912,5.2
19.128,72.915,4.8
19.128,72.918,6.3
19.128,72.921,5.8
19.128,72.924,5.6
19.128,72.927,5.8
19.128,72.93,5.6
19.128,72.933,6.0
19.128,72.936,5.9
19.128,72.939,6.0
19.128,72.942,6.8
19.128,72.945,6.6
19.128,72.948,6.5
19.128,72.951,7.6
19.128,72.954,7.3
19.128,72.957,7.8
19.128,72.96,7.6
19.128,72.963,7.7
19.128,72.966,7.4
19.128,72.969,7.7
19.128,72.972,6.9
19.128,72.975,8.2
19.128,72.978,7.8
19.131,72.78,1.4
19.131,72.783,0.8
19.131,72.786,1.1
19.131,72.789,0.8
19.131,72.792,1.6
19.131,72.795,0.8
19.131,72.798,1.5
19.131,72.801,0.9
19.131,72.804,2.1
19.131,72.807,1.5
19.131,72.81,0.8
19.131,72.813,1.2
19.131,72.816,2.0
19.131,72.819,1.6
19.131,72.822,2.2
19.131,72.825,2.2
19.131,72.828,1.2
19.131,72.831,2.0
19.131,72.834,2.0
19.131,72.837,2.7
19.131,72.84,2.9
19.131,72.843,1.8
19.131,72.846,2.9
19.131,72.849,2.9
19.131,72.852,3.5
19.131,72.855,2.6
19.131,72.858,2.7
19.131,72.861,3.3
19.131,72.864,3.3
19.131,72.867,3.5
19.131,72.87,4.3
19.131,72.873,3.3
19.131,72.876,3.8
19.131,72.879,3.9
19.131,72.882,4.2
19.131,72.885,4.6
19.131,72.888,4.7
19.131,72.891,5.1
19.131,72.894,4.4
19.131,72.897,4.0
19.131,72.9,4.2
19.131,72.903,4.1
19.131,72.906,5.1
19.131,72.909,4.6
19.131,72.912,4.8
19.131,72.915,6.0
19.131,72.918,4.9
19.131,72.921,6.3
19.131,72.924,5.8
19.131,72.927,6.1
19.131,72.93,6.0
19.131,72.933,5.5
19.131,72.936,6.8
19.131,72.939,6.2
19.131,72.942,5.7
19.131,72.945,6.0
19.131,72.948,7.5
19.131,72.951,7.2
19.131,72.954,7.6
19.131,72.957,6.7
19.131,72.96,6.9
19.131,72.963,7.9
19.131,72.966,7.5
19.131,72.969,7.0
19.131,72.972,7.3
19.131,72.975,8.1
19.131,72.978,8.4
19.134,72.78,2.1
19.134,72.783,1.2
19.134,72.786,1.6
19.134,72.789,1.4
19.134,72.792,0.9
19.134,72.795,1.1
19.134,72.798,1.8
19.134,72.801,2.2
19.134,72.804,2.1
19.134,72.807,0.9
19.134,72.81,1.7
19.134,72.813,1.4
19.134,72.816,1.1
19.134,72.819,1.0
19.134,72.822,1.6
19.134,72.825,2.6
19.134,72.828,1.1
19.134,72.831,2.4
19.134,72.834,1.7
19.134,72.837,1.6
19.134,72.84,2.3
19.134,72.843,1.9
19.134,72.846,2.8
19.134,72.849,2.9
19.134,72.852,2.2
19.134,72.855,3.2
19.134,72.858,3.7
19.134,72.861,3.0
19.134,72.864,2.6
19.134,72.867,3.0
19.134,72.87,3.3
19.134,72.873,4.4
19.134,72.876,3.7
19.134,72.879,4.3
19.134,72.882,3.9
19.134,72.885,4.6
19.134,72.888,5.0
19.134,72.891,4.5
19.134,72.894,4.8
19.134,72.897,4.2
19.134,72.9,4.9
19.134,72.903,4.3
19.134,72.906,4.6
19.134,72.909,4.6
19.134,72.912,5.4
19.134,72.915,4.8
19.134,72.918,5.6
19.134,72.921,5.9
19.134,72.924,5.6
19.134,72.927,6.0
19.134,72.93,6.6
19.134,72.933,6.3
19.134,72.936,7.0
19.134,72.939,6.7
19.134,72.942,6.7
19.134,72.945,7.3
19.134,72.948,6.3
19.134,72.951,6.0
19.134,72.954,6.5
19.134,72.957,6.6
19.134,72.96,7.9
19.134,72.963,7.5
19.134,72.966,6.9
19.134,72.969,7.5
19.134,72.972,6.9
19.134,72.975,7.1
19.134,72.978,8.7
19.137,72.78,0.8
19.137,72.783,1.9
19.137,72.786,1.3
19.137,72.789,1.4
19.137,72.792,1.1
19.137,72.795,1.8
19.137,72.798,1.0
19.137,72.801,1.2
19.137,72.804,1.8
19.137,72.807,1.7
19.137,72.81,1.2
19.137,72.813,1.9
19.137,72.816,1.1
19.137,72.819,0.9
19.137,72.822,1.8
19.137,72.825,1.3
19.137,72.828,1.4
19.137,72.831,2.3
19.137,72.834,1.8
19.137,72.837,1.7
19.137,72.84,2.3
19.137,72.843,2.4
19.137,72.846,3.0
19.137,72.849,2.4
19.137,72.852,2.3
19.137,72.855,3.6
19.137,72.858,3.4
19.137,72.861,2.7
19.137,72.864,3.9
19.137,72.867,4.0
19.137,72.87,4.0
19.137,72.873,3.5
19.137,72.876,3.7
19.137,72.879,4.1
19.137,72.882,4.7
19.137,72.885,4.9
19.137,72.888,3.8
19.137,72.891,4.2
19.137,72.894,5.3
19.137,72.897,5.5
19.137,72.9,4.3
19.137,72.903,4.7
19.137,72.906,4.6
19.137,72.909,5.3
19.137,72.912,5.0
19.137,72.915,6.1
19.137,72.918,6.2
19.137,72.921,5.6
19.137,72.924,5.0
19.137,72.927,5.5
19.137,72.93,6.2
19.137,72.933,6.3
19.137,72.936,6.1
19.137,72.939,7.2
19.137,72.942,6.8
19.137,72.945,6.2
19.137,72.948,6.0
19.137,72.951,7.0
19.137,72.954,6.2
19.137,72.957,7.4
19.137,72.96,7.2
19.137,72.963,7.5
19.137,72.966,7.4
19.137,72.969,7.0
19.137,72.972,8.1
19.137,72.975,8.0
19.137,72.978,8.0
19.14,72.78,0.8
19.14,72.783,1.2
19.14,72.786,1.6
19.14,72.789,1.7
19.14,72.792,1.7
19.14,72.795,0.9
19.14,72.798,2.0
19.14,72.801,0.8
19.14,72.804,1.9
19.14,72.807,0.8
19.14,72.81,1.3
19.14,72.813,1.7
19.14,72.816,1.1
19.14,72.819,2.1
19.14,72.822,1.3
19.14,72.825,2.4
19.14,72.828,2.2
19.14,72.831,2.4
19.14,72.834,1.9
19.14,72.837,2.6
19.14,72.84,3.0
19.14,72.843,3.2
19.14,72.846,2.1
19.14,72.849,3.5
19.14,72.852,3.2
19.14,72.855,2.8
19.14,72.858,2.3
19.14,72.861,3.5
19.14,72.864,3.2
19.14,72.867,3.7
19.14,72.87,2.9
19.14,72.873,3.2
19.14,72.876,4.3
19.14,72.879,3.4
19.14,72.882,3.7
19.14,72.885,3.7
19.14,72.888,3.6
19.14,72.891,4.6
19.14,72.894,4.9
19.14,72.897,4.5
19.14,72.9,5.0
19.14,72.903,5.5
19.14,72.906,5.7
19.14,72.909,4.9
19.14,72.912,5.4
19.14,72.915,4.8
19.14,72.918,5.5
19.14,72.921,6.2
19.14,72.924,5.1
19.14,72.927,6.6
19.14,72.93,5.3
19.14,72.933,6.8
19.14,72.936,5.7
19.14,72.939,5.7
19.14,72.942,6.2
19.14,72.945,6.8
19.14,72.948,6.0
19.14,72.951,6.3
19.14,72.954,6.2
19.14,72.957,7.3
19.14,72.96,7.1
19.14,72.963,7.9
19.14,72.966,8.1
19.14,72.969,7.3
19.14,72.972,8.0
19.14,72.975,8.5
19.14,72.978,8.5
19.143,72.78,1.8
19.143,72.783,1.8
19.143,72.786,1.1
19.143,72.789,1.2
19.143,72.792,1.1
19.143,72.795,1.0
19.143,72.798,1.5
19.143,72.801,1.3
19.143,72.804,1.9
19.143,72.807,1.0
19.143,72.81,0.9
19.143,72.813,2.2
19.143,72.816,1.1
19.143,72.819,1.5
19.143,72.822,1.0
19.143,72.825,1.6
19.143,72.828,1.7
19.143,72.831,2.5
19.143,72.834,2.2
19.143,72.837,2.8
19.143,72.84,2.7
19.143,72.843,2.0
19.143,72.846,3.4
19.143,72.849,2.9
19.143,72.852,2.3
19.143,72.855,3.1
19.143,72.858,3.9
19.143,72.861,3.1
19.143,72.864,3.6
19.143,72.867,3.8
19.143,72.87,3.3
19.143,72.873,3.5
19.143,72.876,4.6
19.143,72.879,4.0
19.143,72.882,4.5
19.143,72.885,3.8
19.143,72.888,4.3
19.143,72.891,4.0
19.143,72.894,4.1
19.143,72.897,4.3
19.143,72.9,5.5
19.143,72.903,4.9
19.143,72.906,5.2
19.143,72.909,5.1
19.143,72.912,5.2
19.143,72.915,5.1
19.143,72.918,5.6
19.143,72.921,5.9
19.143,72.924,6.4
19.143,72.927,5.6
19.143,72.93,5.4
19.143,72.933,5.9
19.143,72.936,6.9
19.143,72.939,5.8
19.143,72.942,6.4
19.143,72.945,6.3
19.143,72.948,7.4
19.143,72.951,6.3
19.143,72.954,6.7
19.143,72.957,6.5
19.143,72.96,7.3
19.143,72.963,7.7
19.143,72.966,7.3
19.143,72.969,7.7
19.143,72.972,7.8
19.143,72.975,8.1
19.143,72.978,8.3
19.146,72.78,1.4
19.146,72.783,1.0
19.146,72.786,1.8
19.146,72.789,1.6
19.146,72.792,1.4
19.146,72.795,1.2
19.146,72.798,0.8
19.146,72.801,2.1
19.146,72.804,1.0
19.146,72.807,2.1
19.146,72.81,2.1
19.146,72.813,0.8
19.146,72.816,1.3
19.146,72.819,1.2
19.146,72.822,1.8
19.146,72.825,1.9
19.146,72.828,1.4
19.146,72.831,1.5
19.146,72.834,1.8
19.146,72.837,2.4
19.146,72.84,2.7
19.146,72.843,2.6
19.146,72.846,3.4
19.146,72.849,2.9
19.146,72.852,2.3
19.146,72.855,3.3
19.146,72.858,3.6
19.146,72.861,2.5
19.146,72.864,2.7
19.146,72.867,3.9
19.146,72.87,3.0
19.146,72.873,3.5
19.146,72.876,3.7
19.146,72.879,3.9
19.146,72.882,4.3
19.146,72.885,3.7
19.146,72.888,3.8
19.146,72.891,4.1
19.146,72.894,4.1
19.146,72.897,5.3
19.146,72.9,4.7
19.146,72.903,5.3
19.146,72.906,4.5
19.146,72.909,5.2
19.146,72.912,5.7
19.146,72.915,4.6
19.146,72.918,5.0
19.146,72.921,5.0
19.146,72.924,5.8
19.146,72.927,5.7
19.146,72.93,5.5
19.146,72.933,6.1
19.146,72.936,6.0
19.146,72.939,6.3
19.146,72.942,6.1
19.146,72.945,7.3
19.146,72.948,6.5
19.146,72.951,6.5
19.146,72.954,7.7
19.146,72.957,6.9
19.146,72.96,6.9
19.146,72.963,7.0
19.146,72.966,7.7
19.146,72.969,8.2
19.146,72.972,7.8
19.146,72.975,7.9
19.146,72.978,7.7
19.149,72.78,1.7
19.149,72.783,2.2
19.149,72.786,0.8
19.149,72.789,2.0
19.149,72.792,0.9
19.149,72.795,1.0
19.149,72.798,1.2
19.149,72.801,1.4
19.149,72.804,0.8
19.149,72.807,1.6
19.149,72.81,1.2
19.149,72.813,0.8
19.149,72.816,1.0
19.149,72.819,1.6
19.149,72.822,1.0
19.149,72.825,1.5
19.149,72.828,1.3
19.149,72.831,1.9
19.149,72.834,1.6
19.149,72.837,1.7
19.149,72.84,2.1
19.149,72.843,2.8
19.149,72.846,2.6
19.149,72.849,2.4
19.149,72.852,3.6
19.149,72.855,2.5
19.149,72.858,3.0
19.149,72.861,3.3
19.149,72.864,2.7
19.149,72.867,4.0
19.149,72.87,3.4
19.149,72.873,4.1
19.149,72.876,4.1
19.149,72.879,3.8
19.149,72.882,4.6
19.149,72.885,3.7
19.149,72.888,3.7
19.149,72.891,4.5
19.149,72.894,4.9
19.149,72.897,3.9
19.149,72.9,5.0
19.149,72.903,5.2
19.149,72.906,4.9
19.149,72.909,4.4
19.149,72.912,5.2
19.149,72.915,5.8
19.149,72.918,4.9
19.149,72.921,6.1
19.149,72.924,6.4
19.149,72.927,5.9
19.149,72.93,6.4
19.149,72.933,6.5
19.149,72.936,6.8
19.149,72.939,7.1
19.149,72.942,5.9
19.149,72.945,6.1
19.149,72.948,6.6
19.149,72.951,7.3
19.149,72.954,7.6
19.149,72.957,6.4
19.149,72.96,6.4
19.149,72.963,8.0
19.149,72.966,7.8
19.149,72.969,7.2
19.149,72.972,7.7
19.149,72.975,8.0
19.149,72.978,8.5
19.152,72.78,1.3
19.152,72.783,1.3
19.152,72.786,0.8
19.152,72.789,2.0
19.152,72.792,1.3
19.152,72.795,0.8
19.152,72.798,1.6
19.152,72.801,1.2
19.152,72.804,1.3
19.152,72.807,1.7
19.152,72.81,1.8
19.152,72.813,0.8
19.152,72.816,1.1
19.152,72.819,1.2
19.152,72.822,1.5
19.152,72.825,1.7
19.152,72.828,1.6
19.152,72.831,1.3
19.152,72.834,1.5
19.152,72.837,2.7
19.152,72.84,2.5
19.152,72.843,2.4
19.152,72.846,2.1
19.152,72.849,2.8
19.152,72.852,2.3
19.152,72.855,2.4
19.152,72.858,3.1
19.152,72.861,3.9
19.152,72.864,3.1
19.152,72.867,3.4
19.152,72.87,3.8
19.152,72.873,4.4
19.152,72.876,4.5
19.152,72.879,4.7
19.152,72.882,4.6
19.152,72.885,4.3
19.152,72.888,3.6
19.152,72.891,4.2
19.152,72.894,3.8
19.152,72.897,4.9
19.152,72.9,5.2
19.152,72.903,5.4
19.152,72.906,4.4
19.152,72.909,5.2
19.152,72.912,5.6
19.152,72.915,5.1
19.152,72.918,5.7
19.152,72.921,5.3
19.152,72.924,5.6
19.152,72.927,5.4
19.152,72.93,6.4
19.152,72.933,6.5
19.152,72.936,6.6
19.152,72.939,5.7
19.152,72.942,7.1
19.152,72.945,7.3
19.152,72.948,7.2
19.152,72.951,7.0
19.152,72.954,7.8
19.152,72.957,7.3
19.152,72.96,7.3
19.152,72.963,7.8
19.152,72.966,7.8
19.152,72.969,6.8
19.152,72.972,7.8
19.152,72.975,7.3
19.152,72.978,8.6
19.155,72.78,1.0
19.155,72.783,1.7
19.155,72.786,0.9
19.155,72.789,1.4
19.155,72.792,0.8
19.155,72.795,1.2
19.155,72.798,0.9
19.155,72.801,1.1
19.155,72.804,0.8
19.155,72.807,0.9
19.155,72.81,1.9
19.155,72.813,1.7
19.155,72.816,1.1
19.155,72.819,1.5
19.155,72.822,2.1
19.155,72.825,2.0
19.155,72.828,1.3
19.155,72.831,1.6
19.155,72.834,2.5
19.155,72.837,1.8
19.155,72.84,2.6
19.155,72.843,2.9
19.155,72.846,2.8
19.155,72.849,2.7
19.155,72.852,2.8
19.155,72.855,3.2
19.155,72.858,3.2
19.155,72.861,3.2
19.155,72.864,3.5
19.155,72.867,3.2
19.155,72.87,3.3
19.155,72.873,4.2
19.155,72.876,3.3
19.155,72.879,4.5
19.155,72.882,4.1
19.155,72.885,4.3
19.155,72.888,3.8
19.155,72.891,4.3
19.155,72.894,4.4
19.155,72.897,4.9
19.155,72.9,4.9
19.155,72.903,4.2
19.155,72.906,5.0
19.155,72.909,5.9
19.155,72.912,4.6
19.155,72.915,5.8
19.155,72.918,5.6
19.155,72.921,5.3
19.155,72.924,6.2
19.155,72.927,5.8
19.155,72.93,5.9
19.155,72.933,5.6
19.155,72.936,6.4
19.155,72.939,6.6
19.155,72.942,6.6
19.155,72.945,6.5
19.155,72.948,7.1
19.155,72.951,7.2
19.155,72.954,6.6
19.155,72.957,7.5
19.155,72.96,8.0
19.155,72.963,7.1
19.155,72.966,7.5
19.155,72.969,7.4
19.155,72.972,8.4
19.155,72.975,7.2
19.155,72.978,7.8
19.158,72.78,0.9
19.158,72.783,0.8
19.158,72.786,1.1
19.158,72.789,2.0
19.158,72.792,1.8
19.158,72.795,2.2
19.158,72.798,2.2
19.158,72.801,1.5
19.158,72.804,1.2
19.158,72.807,0.9
19.158,72.81,2.0
19.158,72.813,1.0
19.158,72.816,1.9
19.158,72.819,1.8
19.158,72.822,1.9
19.158,72.825,2.1
19.158,72.828,2.1
19.158,72.831,2.3
19.158,72.834,2.2
19.158,72.837,2.3
19.158,72.84,2.0
19.158,72.843,2.4
19.158,72.846,3.1
19.158,72.849,2.4
19.158,72.852,3.6
19.158,72.855,2.5
19.158,72.858,3.7
19.158,72.861,3.1
19.158,72.864,2.6
19.158,72.867,4.0
19.158,72.87,4.0
19.158,72.873,4.0
19.158,72.876,4.1
19.158,72.879,3.3
19.158,72.882,4.2
19.158,72.885,4.1
19.158,72.888,4.2
19.158,72.891,3.9
19.158,72.894,3.8
19.158,72.897,4.2
19.158,72.9,5.0
19.158,72.903,4.9
19.158,72.906,4.4
19.158,72.909,5.3
19.158,72.912,5.1
19.158,72.915,4.6
19.158,72.918,5.7
19.158,72.921,5.1
19.158,72.924,6.0
19.158,72.927,6.2
19.158,72.93,6.7
19.158,72.933,5.4
19.158,72.936,6.4
19.158,72.939,6.8
19.158,72.942,6.3
19.158,72.945,6.6
19.158,72.948,6.2
19.158,72.951,7.5
19.158,72.954,6.9
19.158,72.957,7.4
19.158,72.96,6.8
19.158,72.963,7.3
19.158,72.966,7.8
19.158,72.969,7.1
19.158,72.972,7.1
19.158,72.975,7.1
19.158,72.978,7.2
19.161,72.78,1.5
19.161,72.783,1.3
19.161,72.786,1.7
19.161,72.789,1.3
19.161,72.792,1.0
19.161,72.795,0.9
19.161,72.798,1.3
19.161,72.801,1.6
19.161,72.804,1.9
19.161,72.807,1.9
19.161,72.81,2.0
19.161,72.813,2.1
19.161,72.816,1.0
19.161,72.819,1.9
19.161,72.822,1.0
19.161,72.825,2.2
19.161,72.828,2.2
19.161,72.831,1.9
19.161,72.834,2.2
19.161,72.837,2.2
19.161,72.84,2.2
19.161,72.843,3.0
19.161,72.846,3.4
19.161,72.849,3.4
19.161,72.852,2.9
19.161,72.855,3.3
19.161,72.858,3.3
19.161,72.861,4.0
19.161,72.864,3.7
19.161,72.867,3.4
19.161,72.87,4.1
19.161,72.873,3.0
19.161,72.876,4.3
19.161,72.879,4.5
19.161,72.882,4.4
19.161,72.885,3.5
19.161,72.888,4.2
19.161,72.891,5.1
19.161,72.894,4.8
19.161,72.897,4.6
19.161,72.9,5.3
19.161,72.903,4.3
19.161,72.906,5.6
19.161,72.909,5.6
19.161,72.912,5.4
19.161,72.915,5.9
19.161,72.918,5.9
19.161,72.921,5.4
19.161,72.924,6.0
19.161,72.927,5.3
19.161,72.93,5.6
19.161,72.933,6.1
19.161,72.936,5.9
19.161,72.939,6.1
19.161,72.942,6.8
19.161,72.945,6.5
19.161,72.948,7.1
19.161,72.951,7.2
19.161,72.954,7.4
19.161,72.957,6.8
19.161,72.96,7.5
19.161,72.963,7.0
19.161,72.966,7.4
19.161,72.969,7.2
19.161,72.972,7.3
19.161,72.975,7.1
19.161,72.978,7.3
19.164,72.78,1.4
19.164,72.783,0.8
19.164,72.786,2.0
19.164,72.789,1.5
19.164,72.792,1.7
19.164,72.795,1.1
19.164,72.798,1.7
19.164,72.801,1.5
19.164,72.804,1.1
19.164,72.807,1.7
19.164,72.81,1.7
19.164,72.813,0.8
19.164,72.816,1.9
19.164,72.819,1.0
19.164,72.822,1.9
19.164,72.825,2.4
19.164,72.828,1.5
19.164,72.831,1.6
19.164,72.834,2.7
19.164,72.837,2.4
19.164,72.84,1.8
19.164,72.843,1.7
19.164,72.846,2.4
19.164,72.849,2.8
19.164,72.852,3.5
19.164,72.855,3.0
19.164,72.858,3.1
19.164,72.861,3.9
19.164,72.864,4.1
19.164,72.867,3.7
19.164,72.87,3.7
19.164,72.873,3.7
19.164,72.876,3.9
19.164,72.879,3.8
19.164,72.882,4.8
19.164,72.885,4.4
19.164,72.888,4.9
19.164,72.891,4.4
19.164,72.894,4.5
19.164,72.897,4.5
19.164,72.9,5.1
19.164,72.903,4.2
19.164,72.906,4.6
19.164,72.909,4.7
19.164,72.912,4.7
19.164,72.915,5.6
19.164,72.918,5.9
19.164,72.921,5.0
19.164,72.924,5.3
19.164,72.927,5.9
19.164,72.93,6.1
19.164,72.933,6.3
19.164,72.936,5.5
19.164,72.939,6.8
19.164,72.942,7.0
19.164,72.945,7.1
19.164,72.948,7.4
19.164,72.951,7.2
19.164,72.954,6.7
19.164,72.957,6.3
19.164,72.96,7.4
19.164,72.963,8.0
19.164,72.966,7.5
19.164,72.969,7.2
19.164,72.972,8.4
19.164,72.975,8.4
19.164,72.978,8.0
19.167,72.78,0.8
19.167,72.783,1.9
19.167,72.786,1.3
19.167,72.789,1.4
19.167,72.792,1.0
19.167,72.795,1.9
19.167,72.798,0.9
19.167,72.801,2.1
19.167,72.804,2.0
19.167,72.807,1.0
19.167,72.81,1.7
19.167,72.813,0.9
19.167,72.816,2.2
19.167,72.819,1.2
19.167,72.822,1.3
19.167,72.825,2.2
19.167,72.828,2.3
19.167,72.831,2.7
19.167,72.834,2.8
19.167,72.837,1.7
19.167,72.84,2.1
19.167,72.843,2.1
19.167,72.846,2.2
19.167,72.849,3.2
19.167,72.852,2.8
19.167,72.855,2.4
19.167,72.858,3.7
19.167,72.861,2.5
19.167,72.864,3.8
19.167,72.867,2.8
19.167,72.87,3.6
19.167,72.873,3.6
19.167,72.876,3.8
19.167,72.879,3.3
19.167,72.882,4.2
19.167,72.885,4.4
19.167,72.888,4.0
19.167,72.891,3.7
19.167,72.894,4.4
19.167,72.897,5.3
19.167,72.9,5.2
19.167,72.903,4.8
19.167,72.906,5.3
19.167,72.909,5.3
19.167,72.912,5.5
19.167,72.915,5.8
19.167,72.918,6.3
19.167,72.921,5.2
19.167,72.924,5.6
19.167,72.927,5.5
19.167,72.93,6.2
19.167,72.933,5.8
19.167,72.936,6.2
19.167,72.939,6.0
19.167,72.942,6.7
19.167,72.945,6.2
19.167,72.948,6.8
19.167,72.951,6.6
19.167,72.954,7.2
19.167,72.957,7.1
19.167,72.96,7.4
19.167,72.963,6.7
19.167,72.966,7.9
19.167,72.969,7.1
19.167,72.972,6.9
19.167,72.975,8.4
19.167,72.978,7.9
19.17,72.78,1.4
19.17,72.783,0.9
19.17,72.786,1.8
19.17,72.789,1.7
19.17,72.792,0.8
19.17,72.795,2.0
19.17,72.798,1.1
19.17,72.801,1.7
19.17,72.804,1.9
19.17,72.807,0.9
19.17,72.81,0.8
19.17,72.813,1.0
19.17,72.816,1.1
19.17,72.819,1.2
19.17,72.822,2.1
19.17,72.825,1.8
19.17,72.828,2.2
19.17,72.831,2.7
19.17,72.834,1.7
19.17,72.837,2.6
19.17,72.84,2.1
19.17,72.843,2.0
19.17,72.846,2.5
19.17,72.849,2.2
19.17,72.852,2.3
19.17,72.855,3.3
19.17,72.858,2.8
19.17,72.861,3.3
19.17,72.864,3.3
19.17,72.867,3.6
19.17,72.87,3.5
19.17,72.873,4.1
19.17,72.876,3.4
19.17,72.879,3.6
19.17,72.882,4.8
19.17,72.885,4.7
19.17,72.888,4.1
19.17,72.891,4.1
19.17,72.894,4.9
19.17,72.897,5.2
19.17,72.9,4.5
19.17,72.903,4.6
19.17,72.906,5.1
19.17,72.909,5.6
19.17,72.912,4.5
19.17,72.915,6.1
19.17,72.918,4.8
19.17,72.921,5.5
19.17,72.924,6.0
19.17,72.927,5.3
19.17,72.93,5.9
19.17,72.933,5.8
19.17,72.936,6.7
19.17,72.939,5.9
19.17,72.942,6.7
19.17,72.945,6.2
19.17,72.948,7.3
19.17,72.951,6.1
19.17,72.954,6.8
19.17,72.957,6.9
19.17,72.96,7.3
19.17,72.963,7.7
19.17,72.966,7.9
19.17,72.969,7.7
19.17,72.972,7.6
19.17,72.975,7.4
19.17,72.978,7.2
19.173,72.78,0.9
19.173,72.783,1.8
19.173,72.786,2.1
19.173,72.789,1.5
19.173,72.792,2.1
19.173,72.795,2.1
19.173,72.798,1.8
19.173,72.801,1.2
19.173,72.804,2.1
19.173,72.807,1.7
19.173,72.81,1.0
19.173,72.813,2.2
19.173,72.816,1.6
19.173,72.819,0.9
19.173,72.822,1.0
19.173,72.825,1.5
19.173,72.828,2.0
19.173,72.831,1.9
19.173,72.834,1.8
19.173,72.837,2.2
19.173,72.84,3.0
19.173,72.843,1.8
19.173,72.846,3.4
19.173,72.849,3.1
19.173,72.852,3.4
19.173,72.855,3.6
19.173,72.858,3.3
19.173,72.861,3.4
19.173,72.864,3.5
19.173,72.867,3.4
19.173,72.87,3.3
19.173,72.873,3.8
19.173,72.876,4.1
19.173,72.879,4.1
19.173,72.882,4.6
19.173,72.885,4.5
19.173,72.888,3.7
19.173,72.891,4.9
19.173,72.894,5.2
19.173,72.897,5.0
19.173,72.9,5.2
19.173,72.903,5.7
19.173,72.906,4.8
19.173,72.909,5.6
19.173,72.912,5.7
19.173,72.915,4.9
19.173,72.918,5.2
19.173,72.921,5.2
19.173,72.924,5.5
19.173,72.927,5.4
19.173,72.93,6.8
19.173,72.933,5.7
19.173,72.936,6.4
19.173,72.939,7.1
19.173,72.942,5.9
19.173,72.945,6.8
19.173,72.948,6.6
19.173,72.951,7.3
19.173,72.954,7.4
19.173,72.957,7.6
19.173,72.96,6.5
19.173,72.963,8.1
19.173,72.966,7.2
19.173,72.969,7.7
19.173,72.972,8.5
19.173,72.975,8.5
19.173,72.978,8.5
19.176,72.78,1.1
19.176,72.783,1.5
19.176,72.786,1.1
19.176,72.789,1.1
19.176,72.792,0.8
19.176,72.795,0.8
19.176,72.798,0.8
19.176,72.801,1.5
19.176,72.804,0.8
19.176,72.807,0.9
19.176,72.81,1.4
19.176,72.813,2.0
19.176,72.816,1.6
19.176,72.819,1.5
19.176,72.822,1.9
19.176,72.825,1.3
19.176,72.828,1.2
19.176,72.831,2.3
19.176,72.834,2.7
19.176,72.837,2.2
19.176,72.84,3.0
19.176,72.843,3.3
19.176,72.846,2.1
19.176,72.849,2.5
19.176,72.852,2.4
19.176,72.855,3.1
19.176,72.858,3.0
19.176,72.861,3.7
19.176,72.864,3.7
19.176,72.867,4.2
19.176,72.87,4.2
19.176,72.873,3.6
19.176,72.876,3.5
19.176,72.879,4.2
19.176,72.882,3.9
19.176,72.885,3.4
19.176,72.888,4.0
19.176,72.891,3.9
19.176,72.894,5.1
19.176,72.897,4.8
19.176,72.9,5.2
19.176,72.903,5.0
19.176,72.906,5.3
19.176,72.909,4.7
19.176,72.912,5.8
19.176,72.915,6.1
19.176,72.918,6.1
19.176,72.921,6.0
19.176,72.924,5.9
19.176,72.927,5.4
19.176,72.93,5.4
19.176,72.933,5.8
19.176,72.936,5.6
19.176,72.939,6.4
19.176,72.942,7.2
19.176,72.945,5.9
19.176,72.948,6.1
19.176,72.951,6.6
19.176,72.954,6.3
19.176,72.957,7.7
19.176,72.96,7.9
19.176,72.963,7.6
19.176,72.966,7.0
19.176,72.969,7.0
19.176,72.972,8.5
19.176,72.975,7.4
19.176,72.978,8.6
19.179,72.78,1.8
19.179,72.783,0.8
19.179,72.786,2.0
19.179,72.789,2.1
19.179,72.792,0.8
19.179,72.795,2.1
19.179,72.798,0.8
19.179,72.801,2.0
19.179,72.804,2.0
19.179,72.807,0.9
19.179,72.81,0.8
19.179,72.813,1.3
19.179,72.816,1.0
19.179,72.819,2.0
19.179,72.822,1.8
19.179,72.825,1.2
19.179,72.828,2.7
19.179,72.831,2.1
19.179,72.834,2.3
19.179,72.837,2.3
19.179,72.84,1.9
19.179,72.843,2.1
19.179,72.846,3.3
19.179,72.849,3.1
19.179,72.852,2.7
19.179,72.855,3.8
19.179,72.858,3.0
19.179,72.861,2.8
19.179,72.864,2.7
19.179,72.867,3.5
19.179,72.87,3.6
19.179,72.873,3.7
19.179,72.876,4.6
19.179,72.879,3.2
19.179,72.882,3.9
19.179,72.885,4.1
19.179,72.888,5.1
19.179,72.891,3.8
19.179,72.894,4.3
19.179,72.897,4.4
19.179,72.9,4.1
19.179,72.903,5.6
19.179,72.906,5.3
19.179,72.909,4.7
19.179,72.912,5.6
19.179,72.915,5.6
19.179,72.918,6.0
19.179,72.921,6.2
19.179,72.924,5.0
19.179,72.927,6.6
19.179,72.93,6.4
19.179,72.933,6.8
19.179,72.936,5.5
19.179,72.939,6.9
19.179,72.942,6.0
19.179,72.945,5.8
19.179,72.948,6.7
19.179,72.951,6.3
19.179,72.954,6.9
19.179,72.957,6.3
19.179,72.96,7.4
19.179,72.963,6.9
19.179,72.966,7.8
19.179,72.969,7.2
19.179,72.972,7.9
19.179,72.975,8.3
19.179,72.978,7.8
19.182,72.78,0.9
19.182,72.783,1.4
19.182,72.786,0.8
19.182,72.789,1.9
19.182,72.792,1.7
19.182,72.795,1.2
19.182,72.798,2.1
19.182,72.801,1.9
19.182,72.804,0.8
19.182,72.807,0.9
19.182,72.81,1.2
19.182,72.813,1.2
19.182,72.816,2.0
19.182,72.819,1.8
19.182,72.822,0.9
19.182,72.825,1.0
19.182,72.828,1.2
19.182,72.831,2.0
19.182,72.834,2.5
19.182,72.837,1.7
19.182,72.84,2.3
19.182,72.843,2.6
19.182,72.846,3.1
19.182,72.849,3.1
19.182,72.852,2.4
19.182,72.855,2.4
19.182,72.858,2.9
19.182,72.861,2.8
19.182,72.864,3.2
19.182,72.867,2.8
19.182,72.87,4.3
19.182,72.873,3.7
19.182,72.876,3.7
19.182,72.879,4.6
19.182,72.882,4.0
19.182,72.885,4.8
19.182,72.888,4.8
19.182,72.891,3.6
19.182,72.894,4.5
19.182,72.897,5.3
19.182,72.9,4.4
19.182,72.903,4.6
19.182,72.906,5.1
19.182,72.909,5.9
19.182,72.912,5.5
19.182,72.915,4.8
19.182,72.918,5.5
19.182,72.921,6.2
19.182,72.924,5.9
19.182,72.927,5.3
19.182,72.93,6.0
19.182,72.933,6.6
19.182,72.936,5.7
19.182,72.939,6.6
19.182,72.942,6.9
19.182,72.945,6.9
19.182,72.948,6.4
19.182,72.951,7.0
19.182,72.954,6.6
19.182,72.957,6.7
19.182,72.96,7.6
19.182,72.963,7.0
19.182,72.966,7.8
19.182,72.969,7.5
19.182,72.972,7.8
19.182,72.975,7.8
19.182,72.978,8.7
19.185,72.78,1.0
19.185,72.783,2.0
19.185,72.786,1.1
19.185,72.789,1.2
19.185,72.792,0.8
19.185,72.795,1.8
19.185,72.798,2.0
19.185,72.801,1.8
19.185,72.804,1.9
19.185,72.807,1.6
19.185,72.81,1.9
19.185,72.813,2.2
19.185,72.816,0.8
19.185,72.819,1.8
19.185,72.822,2.2
19.185,72.825,1.4
19.185,72.828,1.8
19.185,72.831,1.3
19.185,72.834,2.1
19.185,72.837,2.9
19.185,72.84,1.9
19.185,72.843,3.1
19.185,72.846,3.4
19.185,72.849,2.6
19.185,72.852,3.7
19.185,72.855,2.9
19.185,72.858,2.7
19.185,72.861,3.1
19.185,72.864,3.8
19.185,72.867,3.7
19.185,72.87,3.6
19.185,72.873,3.5
19.185,72.876,4.6
19.185,72.879,3.5
19.185,72.882,3.8
19.185,72.885,4.8
19.185,72.888,4.8
19.185,72.891,4.4
19.185,72.894,3.9
19.185,72.897,5.2
19.185,72.9,5.2
19.185,72.903,4.5
19.185,72.906,5.5
19.185,72.909,5.0
19.185,72.912,4.5
19.185,72.915,5.5
19.185,72.918,4.9
19.185,72.921,6.4
19.185,72.924,6.3
19.185,72.927,5.3
19.185,72.93,6.3
19.185,72.933,5.5
19.185,72.936,6.0
19.185,72.939,6.3
19.185,72.942,6.6
19.185,72.945,7.3
19.185,72.948,7.5
19.185,72.951,7.6
19.185,72.954,6.5
19.185,72.957,7.6
19.185,72.96,7.8
19.185,72.963,7.3
19.185,72.966,6.9
19.185,72.969,7.8
19.185,72.972,8.1
19.185,72.975,7.3
19.185,72.978,8.3
19.188,72.78,1.4
19.188,72.783,1.8
19.188,72.786,1.5
19.188,72.789,1.4
19.188,72.792,0.8
19.188,72.795,1.5
19.188,72.798,1.5
19.188,72.801,1.7
19.188,72.804,2.2
19.188,72.807,0.9
19.188,72.81,0.9
19.188,72.813,1.7
19.188,72.816,1.7
19.188,72.819,2.1
19.188,72.822,1.2
19.188,72.825,2.5
19.188,72.828,2.3
19.188,72.831,2.1
19.188,72.834,2.9
19.188,72.837,2.2
19.188,72.84,1.9
19.188,72.843,1.8
19.188,72.846,3.4
19.188,72.849,2.6
19.188,72.852,2.7
19.188,72.855,3.0
19.188,72.858,3.0
19.188,72.861,3.2
19.188,72.864,3.1
19.188,72.867,3.8
19.188,72.87,3.3
19.188,72.873,3.0
19.188,72.876,4.2
19.188,72.879,4.2
19.188,72.882,3.6
19.188,72.885,4.6
19.188,72.888,4.5
19.188,72.891,3.7
19.188,72.894,5.0
19.188,72.897,4.1
19.188,72.9,4.8
19.188,72.903,4.4
19.188,72.906,5.8
19.188,72.909,5.9
19.188,72.912,6.0
19.188,72.915,5.2
19.188,72.918,5.0
19.188,72.921,5.5
19.188,72.924,5.9
19.188,72.927,5.5
19.188,72.93,5.8
19.188,72.933,5.7
19.188,72.936,7.0
19.188,72.939,5.8
19.188,72.942,6.3
19.188,72.945,7.0
19.188,72.948,6.9
19.188,72.951,7.1
19.188,72.954,6.5
19.188,72.957,6.5
19.188,72.96,6.8
19.188,72.963,7.0
19.188,72.966,7.7
19.188,72.969,7.6
19.188,72.972,7.7
19.188,72.975,8.2
19.188,72.978,8.1
19.191,72.78,1.0
19.191,72.783,1.3
19.191,72.786,1.9
19.191,72.789,1.5
19.191,72.792,1.6
19.191,72.795,0.8
19.191,72.798,2.0
19.191,72.801,1.8
19.191,72.804,1.8
19.191,72.807,2.0
19.191,72.81,2.1
19.191,72.813,0.8
19.191,72.816,2.0
19.191,72.819,1.2
19.191,72.822,1.9
19.191,72.825,1.7
19.191,72.828,1.4
19.191,72.831,2.4
19.191,72.834,2.7
19.191,72.837,2.3
19.191,72.84,2.1
19.191,72.843,2.6
19.191,72.846,2.0
19.191,72.849,3.1
19.191,72.852,3.6
19.191,72.855,3.6
19.191,72.858,2.7
19.191,72.861,3.8
19.191,72.864,3.4
19.191,72.867,3.8
19.191,72.87,3.5
19.191,72.873,3.0
19.191,72.876,3.2
19.191,72.879,4.4
19.191,72.882,4.6
19.191,72.885,4.6
19.191,72.888,5.0
19.191,72.891,4.7
19.191,72.894,4.3
19.191,72.897,4.9
19.191,72.9,4.4
19.191,72.903,4.7
19.191,72.906,4.3
19.191,72.909,5.5
19.191,72.912,5.3
19.191,72.915,5.5
19.191,72.918,5.1
19.191,72.921,5.5
19.191,72.924,5.4
19.191,72.927,6.7
19.191,72.93,6.5
19.191,72.933,6.1
19.191,72.936,6.4
19.191,72.939,6.5
19.191,72.942,6.7
19.191,72.945,7.2
19.191,72.948,7.0
19.191,72.951,6.1
19.191,72.954,6.3
19.191,72.957,7.6
19.191,72.96,7.4
19.191,72.963,6.7
19.191,72.966,6.8
19.191,72.969,8.3
19.191,72.972,7.3
19.191,72.975,7.9
19.191,72.978,8.3
19.194,72.78,1.6
19.194,72.783,1.9
19.194,72.786,1.7
19.194,72.789,0.8
19.194,72.792,1.6
19.194,72.795,1.3
19.194,72.798,1.3
19.194,72.801,2.0
19.194,72.804,0.8
19.194,72.807,1.2
19.194,72.81,1.9
19.194,72.813,1.8
19.194,72.816,1.3
19.194,72.819,2.2
19.194,72.822,1.2
19.194,72.825,1.3
19.194,72.828,2.1
19.194,72.831,1.8
19.194,72.834,1.8
19.194,72.837,2.1
19.194,72.84,1.6
19.194,72.843,2.5
19.194,72.846,3.3
19.194,72.849,2.5
19.194,72.852,3.2
19.194,72.855,2.8
19.194,72.858,3.9
19.194,72.861,2.9
19.194,72.864,3.8
19.194,72.867,3.2
19.194,72.87,3.9
19.194,72.873,3.9
19.194,72.876,4.3
19.194,72.879,3.4
19.194,72.882,4.2
19.194,72.885,4.8
19.194,72.888,4.6
19.194,72.891,4.8
19.194,72.894,5.0
19.194,72.897,5.1
19.194,72.9,4.3
19.194,72.903,4.9
19.194,72.906,4.4
19.194,72.909,4.9
19.194,72.912,5.3
19.194,72.915,5.9
19.194,72.918,6.3
19.194,72.921,5.3
19.194,72.924,5.4
19.194,72.927,6.5
19.194,72.93,5.3
19.194,72.933,6.0
19.194,72.936,6.4
19.194,72.939,6.6
19.194,72.942,6.9
19.194,72.945,6.1
19.194,72.948,7.3
19.194,72.951,6.8
19.194,72.954,6.7
19.194,72.957,7.0
19.194,72.96,7.0
19.194,72.963,6.8
19.194,72.966,6.9
19.194,72.969,6.8
19.194,72.972,7.2
19.194,72.975,7.5
19.194,72.978,7.9
19.197,72.78,1.6
19.197,72.783,1.1
19.197,72.786,1.5
19.197,72.789,0.9
19.197,72.792,1.6
19.197,72.795,0.8
19.197,72.798,0.8
19.197,72.801,1.7
19.197,72.804,2.1
19.197,72.807,1.7
19.197,72.81,2.0
19.197,72.813,0.8
19.197,72.816,1.2
19.197,72.819,1.3
19.197,72.822,1.1
19.197,72.825,1.6
19.197,72.828,2.5
19.197,72.831,2.4
19.197,72.834,2.8
19.197,72.837,2.8
19.197,72.84,2.6
19.197,72.843,3.3
19.197,72.846,2.4
19.197,72.849,2.3
19.197,72.852,3.4
19.197,72.855,2.6
19.197,72.858,2.6
19.197,72.861,4.0
19.197,72.864,2.6
19.197,72.867,3.0
19.197,72.87,3.9
19.197,72.873,3.3
19.197,72.876,4.4
19.197,72.879,3.9
19.197,72.882,4.6
19.197,72.885,3.6
19.197,72.888,4.0
19.197,72.891,5.2
19.197,72.894,5.1
19.197,72.897,4.7
19.197,72.9,4.7
19.197,72.903,5.0
19.197,72.906,5.8
19.197,72.909,4.7
19.197,72.912,4.8
19.197,72.915,5.4
19.197,72.918,5.4
19.197,72.921,5.8
19.197,72.924,6.4
19.197,72.927,5.7
19.197,72.93,5.6
19.197,72.933,6.6
19.197,72.936,6.0
19.197,72.939,6.8
19.197,72.942,6.4
19.197,72.945,6.4
19.197,72.948,7.4
19.197,72.951,6.4
19.197,72.954,7.0
19.197,72.957,6.4
19.197,72.96,7.5
19.197,72.963,7.0
19.197,72.966,8.0
19.197,72.969,7.9
19.197,72.972,8.2
19.197,72.975,7.9
19.197,72.978,7.3
19.2,72.78,2.1
19.2,72.783,2.2
19.2,72.786,1.7
19.2,72.789,1.5
19.2,72.792,0.8
19.2,72.795,1.9
19.2,72.798,1.0
19.2,72.801,1.2
19.2,72.804,1.7
19.2,72.807,2.2
19.2,72.81,1.9
19.2,72.813,1.0
19.2,72.816,1.1
19.2,72.819,2.1
19.2,72.822,1.6
19.2,72.825,1.7
19.2,72.828,2.1
19.2,72.831,1.3
19.2,72.834,3.0
19.2,72.837,1.5
19.2,72.84,2.3
19.2,72.843,2.8
19.2,72.846,3.3
19.2,72.849,2.7
19.2,72.852,3.2
19.2,72.855,2.3
19.2,72.858,2.9
19.2,72.861,4.0
19.2,72.864,3.0
19.2,72.867,3.1
19.2,72.87,4.2
19.2,72.873,3.0
19.2,72.876,4.0
19.2,72.879,3.8
19.2,72.882,4.5
19.2,72.885,3.6
19.2,72.888,4.2
19.2,72.891,4.7
19.2,72.894,4.3
19.2,72.897,5.0
19.2,72.9,4.5
19.2,72.903,4.5
19.2,72.906,5.5
19.2,72.909,5.2
19.2,72.912,5.1
19.2,72.915,5.8
19.2,72.918,6.3
19.2,72.921,5.8
19.2,72.924,6.3
19.2,72.927,6.6
19.2,72.93,5.3
19.2,72.933,6.5
19.2,72.936,6.4
19.2,72.939,6.8
19.2,72.942,5.8
19.2,72.945,5.9
19.2,72.948,6.6
19.2,72.951,6.3
19.2,72.954,6.5
19.2,72.957,7.8
19.2,72.96,7.6
19.2,72.963,8.1
19.2,72.966,8.0
19.2,72.969,6.8
19.2,72.972,8.4
19.2,72.975,8.2
19.2,72.978,7.7
19.203,72.78,0.8
19.203,72.783,1.2
19.203,72.786,1.7
19.203,72.789,1.7
19.203,72.792,1.9
19.203,72.795,1.2
19.203,72.798,1.4
19.203,72.801,2.0
19.203,72.804,0.9
19.203,72.807,1.1
19.203,72.81,0.9
19.203,72.813,1.3
19.203,72.816,1.0
19.203,72.819,0.9
19.203,72.822,1.3
19.203,72.825,1.3
19.203,72.828,1.7
19.203,72.831,2.3
19.203,72.834,1.5
19.203,72.837,2.2
19.203,72.84,1.8
19.203,72.843,2.1
19.203,72.846,3.2
19.203,72.849,2.1
19.203,72.852,3.0
19.203,72.855,3.3
19.203,72.858,2.5
19.203,72.861,2.4
19.203,72.864,4.1
19.203,72.867,2.7
19.203,72.87,3.3
19.203,72.873,3.4
19.203,72.876,4.3
19.203,72.879,4.1
19.203,72.882,3.9
19.203,72.885,3.5
19.203,72.888,3.8
19.203,72.891,4.7
19.203,72.894,4.6
19.203,72.897,4.7
19.203,72.9,5.6
19.203,72.903,4.3
19.203,72.906,5.3
19.203,72.909,4.6
19.203,72.912,5.1
19.203,72.915,4.9
19.203,72.918,5.4
19.203,72.921,6.2
19.203,72.924,6.2
19.203,72.927,5.9
19.203,72.93,6.5
19.203,72.933,6.0
19.203,72.936,6.4
19.203,72.939,7.1
19.203,72.942,7.1
19.203,72.945,7.1
19.203,72.948,6.1
19.203,72.951,7.5
19.203,72.954,7.7
19.203,72.957,6.5
19.203,72.96,7.5
19.203,72.963,7.5
19.203,72.966,6.9
19.203,72.969,6.9
19.203,72.972,7.2
19.203,72.975,7.2
19.203,72.978,8.1
19.206,72.78,1.1
19.206,72.783,1.3
19.206,72.786,1.7
19.206,72.789,1.9
19.206,72.792,1.9
19.206,72.795,2.1
19.206,72.798,1.7
19.206,72.801,0.8
19.206,72.804,1.0
19.206,72.807,0.8
19.206,72.81,2.1
19.206,72.813,1.4
19.206,72.816,1.9
19.206,72.819,0.8
19.206,72.822,1.0
19.206,72.825,2.6
19.206,72.828,1.9
19.206,72.831,2.6
19.206,72.834,2.4
19.206,72.837,2.7
19.206,72.84,2.5
19.206,72.843,3.1
19.206,72.846,2.0
19.206,72.849,3.0
19.206,72.852,3.5
19.206,72.855,3.1
19.206,72.858,3.4
19.206,72.861,3.3
19.206,72.864,3.8
19.206,72.867,3.7
19.206,72.87,3.3
19.206,72.873,3.1
19.206,72.876,4.3
19.206,72.879,3.6
19.206,72.882,4.3
19.206,72.885,4.0
19.206,72.888,4.1
19.206,72.891,4.4
19.206,72.894,4.5
19.206,72.897,4.4
19.206,72.9,4.8
19.206,72.903,4.7
19.206,72.906,5.0
19.206,72.909,5.6
19.206,72.912,4.9
19.206,72.915,5.7
19.206,72.918,4.8
19.206,72.921,6.2
19.206,72.924,5.3
19.206,72.927,5.2
19.206,72.93,6.6
19.206,72.933,6.5
19.206,72.936,6.4
19.206,72.939,5.8
19.206,72.942,6.2
19.206,72.945,5.9
19.206,72.948,6.0
19.206,72.951,7.6
19.206,72.954,6.8
19.206,72.957,6.8
19.206,72.96,7.3
19.206,72.963,7.8
19.206,72.966,7.7
19.206,72.969,7.5
19.206,72.972,7.7
19.206,72.975,8.4
19.206,72.978,7.9
19.209,72.78,1.7
19.209,72.783,0.8
19.209,72.786,0.9
19.209,72.789,1.3
19.209,72.792,0.9
19.209,72.795,1.0
19.209,72.798,1.1
19.209,72.801,1.7
19.209,72.804,1.4
19.209,72.807,1.5
19.209,72.81,1.6
19.209,72.813,0.8
19.209,72.816,1.3
19.209,72.819,2.2
19.209,72.822,1.1
19.209,72.825,1.5
19.209,72.828,2.6
19.209,72.831,2.3
19.209,72.834,2.8
19.209,72.837,2.0
19.209,72.84,1.9
19.209,72.843,2.3
19.209,72.846,2.2
19.209,72.849,3.4
19.209,72.852,2.7
19.209,72.855,2.4
19.209,72.858,3.3
19.209,72.861,3.4
19.209,72.864,3.0
19.209,72.867,4.2
19.209,72.87,3.9
19.209,72.873,4.1
19.209,72.876,4.5
19.209,72.879,3.7
19.209,72.882,4.8
19.209,72.885,4.4
19.209,72.888,5.0
19.209,72.891,4.3
19.209,72.894,3.8
19.209,72.897,5.2
19.209,72.9,4.6
19.209,72.903,5.5
19.209,72.906,4.5
19.209,72.909,5.6
19.209,72.912,4.9
19.209,72.915,4.6
19.209,72.918,5.8
19.209,72.921,4.9
19.209,72.924,6.2
19.209,72.927,5.3
19.209,72.93,6.3
19.209,72.933,5.4
19.209,72.936,5.6
19.209,72.939,5.8
19.209,72.942,6.9
19.209,72.945,5.9
19.209,72.948,6.8
19.209,72.951,6.3
19.209,72.954,7.3
19.209,72.957,7.8
19.209,72.96,7.5
19.209,72.963,7.6
19.209,72.966,7.1
19.209,72.969,7.2
19.209,72.972,8.2
19.209,72.975,7.4
19.209,72.978,8.3
19.212,72.78,1.2
19.212,72.783,2.0
19.212,72.786,0.9
19.212,72.789,0.8
19.212,72.792,2.0
19.212,72.795,0.9
19.212,72.798,1.4
19.212,72.801,0.8
19.212,72.804,1.4
19.212,72.807,0.8
19.212,72.81,0.8
19.212,72.813,1.2
19.212,72.816,0.8
19.212,72.819,1.9
19.212,72.822,1.0
19.212,72.825,1.7
19.212,72.828,1.7
19.212,72.831,2.4
19.212,72.834,2.1
19.212,72.837,2.7
19.212,72.84,2.7
19.212,72.843,2.5
19.212,72.846,3.4
19.212,72.849,3.2
19.212,72.852,3.2
19.212,72.855,2.3
19.212,72.858,2.3
19.212,72.861,2.7
19.212,72.864,3.9
19.212,72.867,3.1
19.212,72.87,3.1
19.212,72.873,3.7
19.212,72.876,4.5
19.212,72.879,3.3
19.212,72.882,3.9
19.212,72.885,4.9
19.212,72.888,4.3
19.212,72.891,4.0
19.212,72.894,4.8
19.212,72.897,4.4
19.212,72.9,5.2
19.212,72.903,4.2
19.212,72.906,4.9
19.212,72.909,5.7
19.212,72.912,5.4
19.212,72.915,5.1
19.212,72.918,5.0
19.212,72.921,5.7
19.212,72.924,5.5
19.212,72.927,5.3
19.212,72.93,5.3
19.212,72.933,6.1
19.212,72.936,5.5
19.212,72.939,6.7
19.212,72.942,6.8
19.212,72.945,6.3
19.212,72.948,6.0
19.212,72.951,7.5
19.212,72.954,7.3
19.212,72.957,6.3
19.212,72.96,6.4
19.212,72.963,6.6
19.212,72.966,7.3
19.212,72.969,7.7
19.212,72.972,8.3
19.212,72.975,8.2
19.212,72.978,7.2
19.215,72.78,1.5
19.215,72.783,0.8
19.215,72.786,1.9
19.215,72.789,1.4
19.215,72.792,1.5
19.215,72.795,1.2
19.215,72.798,1.7
19.215,72.801,1.2
19.215,72.804,2.1
19.215,72.807,1.0
19.215,72.81,1.4
19.215,72.813,1.0
19.215,72.816,2.2
19.215,72.819,1.8
19.215,72.822,1.6
19.215,72.825,2.4
19.215,72.828,1.8
19.215,72.831,2.6
19.215,72.834,1.7
19.215,72.837,1.9
19.215,72.84,2.8
19.215,72.843,3.3
19.215,72.846,2.5
19.215,72.849,2.4
19.215,72.852,2.3
19.215,72.855,3.4
19.215,72.858,3.0
19.215,72.861,2.9
19.215,72.864,2.6
19.215,72.867,3.3
19.215,72.87,4.2
19.215,72.873,4.3
19.215,72.876,4.6
19.215,72.879,3.4
19.215,72.882,4.3
19.215,72.885,3.7
19.215,72.888,4.2
19.215,72.891,5.1
19.215,72.894,4.5
19.215,72.897,4.6
19.215,72.9,5.5
19.215,72.903,4.9
19.215,72.906,4.8
19.215,72.909,5.4
19.215,72.912,4.7
19.215,72.915,5.4
19.215,72.918,5.1
19.215,72.921,6.0
19.215,72.924,5.9
19.215,72.927,6.6
19.215,72.93,6.4
19.215,72.933,6.6
19.215,72.936,6.0
19.215,72.939,6.3
19.215,72.942,7.1
19.215,72.945,7.1
19.215,72.948,6.5
19.215,72.951,6.5
19.215,72.954,6.8
19.215,72.957,7.0
19.215,72.96,7.3
19.215,72.963,7.2
19.215,72.966,8.1
19.215,72.969,8.3
19.215,72.972,8.3
19.215,72.975,7.7
19.215,72.978,7.4
19.218,72.78,1.1
19.218,72.783,2.0
19.218,72.786,1.7
19.218,72.789,2.1
19.218,72.792,1.3
19.218,72.795,2.1
19.218,72.798,0.8
19.218,72.801,0.9
19.218,72.804,1.5
19.218,72.807,0.9
19.218,72.81,2.2
19.218,72.813,1.7
19.218,72.816,1.9
19.218,72.819,1.8
19.218,72.822,1.8
19.218,72.825,2.3
19.218,72.828,1.4
19.218,72.831,1.7
19.218,72.834,1.8
19.218,72.837,2.7
19.218,72.84,2.8
19.218,72.843,2.5
19.218,72.846,2.8
19.218,72.849,3.2
19.218,72.852,2.9
19.218,72.855,3.2
19.218,72.858,2.4
19.218,72.861,2.6
19.218,72.864,2.7
19.218,72.867,2.7
19.218,72.87,4.3
19.218,72.873,4.3
19.218,72.876,3.6
19.218,72.879,3.3
19.218,72.882,4.8
19.218,72.885,4.0
19.218,72.888,4.7
19.218,72.891,5.2
19.218,72.894,4.3
19.218,72.897,4.0
19.218,72.9,5.0
19.218,72.903,4.6
19.218,72.906,5.7
19.218,72.909,5.1
19.218,72.912,5.0
19.218,72.915,4.9
19.218,72.918,5.2
19.218,72.921,6.1
19.218,72.924,5.2
19.218,72.927,6.5
19.218,72.93,5.5
19.218,72.933,5.5
19.218,72.936,6.9
19.218,72.939,6.2
19.218,72.942,6.6
19.218,72.945,6.8
19.218,72.948,7.0
19.218,72.951,6.5
19.218,72.954,7.5
19.218,72.957,6.7
19.218,72.96,6.6
19.218,72.963,8.0
19.218,72.966,8.1
19.218,72.969,6.9
19.218,72.972,6.9
19.218,72.975,8.4
19.218,72.978,7.9
19.221,72.78,1.4
19.221,72.783,1.8
19.221,72.786,1.5
19.221,72.789,2.2
19.221,72.792,1.2
19.221,72.795,1.3
19.221,72.798,1.5
19.221,72.801,1.3
19.221,72.804,0.8
19.221,72.807,1.4
19.221,72.81,1.7
19.221,72.813,1.2
19.221,72.816,1.2
19.221,72.819,0.9
19.221,72.822,1.5
19.221,72.825,1.3
19.221,72.828,2.1
19.221,72.831,2.3
19.221,72.834,2.8
19.221,72.837,1.7
19.221,72.84,3.1
19.221,72.843,3.3
19.221,72.846,2.2
19.221,72.849,3.0
19.221,72.852,2.5
19.221,72.855,3.5
19.221,72.858,3.6
19.221,72.861,3.0
19.221,72.864,4.1
19.221,72.867,3.5
19.221,72.87,3.8
19.221,72.873,3.9
19.221,72.876,4.6
19.221,72.879,3.7
19.221,72.882,3.7
19.221,72.885,4.2
19.221,72.888,5.1
19.221,72.891,5.1
19.221,72.894,3.8
19.221,72.897,4.4
19.221,72.9,4.3
19.221,72.903,5.2
19.221,72.906,5.4
19.221,72.909,4.8
19.221,72.912,6.1
19.221,72.915,5.1
19.221,72.918,5.2
19.221,72.921,6.4
19.221,72.924,6.0
19.221,72.927,6.1
19.221,72.93,5.7
19.221,72.933,5.4
19.221,72.936,6.8
19.221,72.939,7.0
19.221,72.942,5.7
19.221,72.945,6.7
19.221,72.948,6.4
19.221,72.951,6.4
19.221,72.954,6.9
19.221,72.957,6.9
19.221,72.96,7.5
19.221,72.963,7.0
19.221,72.966,7.2
19.221,72.969,7.3
19.221,72.972,7.7
19.221,72.975,8.6
19.221,72.978,7.8
19.224,72.78,1.7
19.224,72.783,0.8
19.224,72.786,1.2
19.224,72.789,1.0
19.224,72.792,0.9
19.224,72.795,1.1
19.224,72.798,0.8
19.224,72.801,1.3
19.224,72.804,1.7
19.224,72.807,1.9
19.224,72.81,2.1
19.224,72.813,2.0
19.224,72.816,2.1
19.224,72.819,0.8
19.224,72.822,1.1
19.224,72.825,2.2
19.224,72.828,1.5
19.224,72.831,1.5
19.224,72.834,1.5
19.224,72.837,2.4
19.224,72.84,2.0
19.224,72.843,1.9
19.224,72.846,2.0
19.224,72.849,3.1
19.224,72.852,3.3
19.224,72.855,2.7
19.224,72.858,3.8
19.224,72.861,2.6
19.224,72.864,3.5
19.224,72.867,4.2
19.224,72.87,4.4
19.224,72.873,3.9
19.224,72.876,3.6
19.224,72.879,4.2
19.224,72.882,4.3
19.224,72.885,3.5
19.224,72.888,3.7
19.224,72.891,5.1
19.224,72.894,5.2
19.224,72.897,4.2
19.224,72.9,5.1
19.224,72.903,4.3
19.224,72.906,4.9
19.224,72.909,5.5
19.224,72.912,4.8
19.224,72.915,5.7
19.224,72.918,5.3
19.224,72.921,5.8
19.224,72.924,5.3
19.224,72.927,6.4
19.224,72.93,6.3
19.224,72.933,6.1
19.224,72.936,6.6
19.224,72.939,6.3
19.224,72.942,6.9
19.224,72.945,6.7
19.224,72.948,7.3
19.224,72.951,6.7
19.224,72.954,7.0
19.224,72.957,6.4
19.224,72.96,8.0
19.224,72.963,6.9
19.224,72.966,8.0
19.224,72.969,7.7
19.224,72.972,7.2
19.224,72.975,7.2
19.224,72.978,8.3
19.227,72.78,0.9
19.227,72.783,2.0
19.227,72.786,1.8
19.227,72.789,1.0
19.227,72.792,1.2
19.227,72.795,1.9
19.227,72.798,1.1
19.227,72.801,1.3
19.227,72.804,1.6
19.227,72.807,0.9
19.227,72.81,1.0
19.227,72.813,1.2
19.227,72.816,1.0
19.227,72.819,0.8
19.227,72.822,2.3
19.227,72.825,2.1
19.227,72.828,1.6
19.227,72.831,1.5
19.227,72.834,1.5
19.227,72.837,2.3
19.227,72.84,3.0
19.227,72.843,1.8
19.227,72.846,3.0
19.227,72.849,2.6
19.227,72.852,3.2
19.227,72.855,3.6
19.227,72.858,3.0
19.227,72.861,4.0
19.227,72.864,3.6
19.227,72.867,3.2
19.227,72.87,4.0
19.227,72.873,4.4
19.227,72.876,4.2
19.227,72.879,4.1
19.227,72.882,4.8
19.227,72.885,4.3
19.227,72.888,4.7
19.227,72.891,4.2
19.227,72.894,4.3
19.227,72.897,5.2
19.227,72.9,4.6
19.227,72.903,4.6
19.227,72.906,5.0
19.227,72.909,5.2
19.227,72.912,5.7
19.227,72.915,5.0
19.227,72.918,5.0
19.227,72.921,5.9
19.227,72.924,5.6
19.227,72.927,6.5
19.227,72.93,5.7
19.227,72.933,6.6
19.227,72.936,7.0
19.227,72.939,6.2
19.227,72.942,7.1
19.227,72.945,6.5
19.227,72.948,6.2
19.227,72.951,7.2
19.227,72.954,6.8
19.227,72.957,7.8
19.227,72.96,7.8
19.227,72.963,7.8
19.227,72.966,7.3
19.227,72.969,8.2
19.227,72.972,7.1
19.227,72.975,7.6
19.227,72.978,7.8
19.23,72.78,1.9
19.23,72.783,2.0
19.23,72.786,0.8
19.23,72.789,2.1
19.23,72.792,0.9
19.23,72.795,0.8
19.23,72.798,1.4
19.23,72.801,1.0
19.23,72.804,0.9
19.23,72.807,1.4
19.23,72.81,0.9
19.23,72.813,1.9
19.23,72.816,2.0
19.23,72.819,1.2
19.23,72.822,1.2
19.23,72.825,2.0
19.23,72.828,1.9
19.23,72.831,1.9
19.23,72.834,2.7
19.23,72.837,2.3
19.23,72.84,2.7
19.23,72.843,2.3
19.23,72.846,2.0
19.23,72.849,3.5
19.23,72.852,3.2
19.23,72.855,3.2
19.23,72.858,2.5
19.23,72.861,3.3
19.23,72.864,3.4
19.23,72.867,3.0
19.23,72.87,3.6
19.23,72.873,4.5
19.23,72.876,4.1
19.23,72.879,3.7
19.23,72.882,3.8
19.23,72.885,4.4
19.23,72.888,4.5
19.23,72.891,4.6
19.23,72.894,4.6
19.23,72.897,4.4
19.23,72.9,4.6
19.23,72.903,5.2
19.23,72.906,4.4
19.23,72.909,5.3
19.23,72.912,5.2
19.23,72.915,4.6
19.23,72.918,5.3
19.23,72.921,5.2
19.23,72.924,6.5
19.23,72.927,6.2
19.23,72.93,6.7
19.23,72.933,6.8
19.23,72.936,6.5
19.23,72.939,7.0
19.23,72.942,6.4
19.23,72.945,6.2
19.23,72.948,6.5
19.23,72.951,7.3
19.23,72.954,7.3
19.23,72.957,7.7
19.23,72.96,7.9
19.23,72.963,7.8
19.23,72.966,7.6
19.23,72.969,8.2
19.23,72.972,8.0
19.23,72.975,8.0
19.23,72.978,8.4
19.233,72.78,1.0
19.233,72.783,1.5
19.233,72.786,2.0
19.233,72.789,1.1
19.233,72.792,2.0
19.233,72.795,1.2
19.233,72.798,0.8
19.233,72.801,1.1
19.233,72.804,1.4
19.233,72.807,1.3
19.233,72.81,2.0
19.233,72.813,2.1
19.233,72.816,1.8
19.233,72.819,0.9
19.233,72.822,1.5
19.233,72.825,1.3
19.233,72.828,2.4
19.233,72.831,2.4
19.233,72.834,1.9
19.233,72.837,2.7
19.233,72.84,2.4
19.233,72.843,2.1
19.233,72.846,1.8
19.233,72.849,2.5
19.233,72.852,3.1
19.233,72.855,3.1
19.233,72.858,3.6
19.233,72.861,4.0
19.233,72.864,3.3
19.233,72.867,3.2
19.233,72.87,4.2
19.233,72.873,3.2
19.233,72.876,4.3
19.233,72.879,3.5
19.233,72.882,4.8
19.233,72.885,4.4
19.233,72.888,4.0
19.233,72.891,3.7
19.233,72.894,5.2
19.233,72.897,4.7
19.233,72.9,4.8
19.233,72.903,4.5
19.233,72.906,4.8
19.233,72.909,5.5
19.233,72.912,5.8
19.233,72.915,5.1
19.233,72.918,5.0
19.233,72.921,5.3
19.233,72.924,5.0
19.233,72.927,6.1
19.233,72.93,5.9
19.233,72.933,5.9
19.233,72.936,6.7
19.233,72.939,7.1
19.233,72.942,6.4
19.233,72.945,6.4
19.233,72.948,6.2
19.233,72.951,6.8
19.233,72.954,6.7
19.233,72.957,7.8
19.233,72.96,7.1
19.233,72.963,6.8
19.233,72.966,7.6
19.233,72.969,7.2
19.233,72.972,7.8
19.233,72.975,7.5
19.233,72.978,7.1
19.236,72.78,0.8
19.236,72.783,1.1
19.236,72.786,1.4
19.236,72.789,0.8
19.236,72.792,1.9
19.236,72.795,1.2
19.236,72.798,0.8
19.236,72.801,1.3
19.236,72.804,1.1
19.236,72.807,0.9
19.236,72.81,1.6
19.236,72.813,1.8
19.236,72.816,1.7
19.236,72.819,1.3
19.236,72.822,2.1
19.236,72.825,1.1
19.236,72.828,1.9
19.236,72.831,2.4
19.236,72.834,2.5
19.236,72.837,2.3
19.236,72.84,3.1
19.236,72.843,1.9
19.236,72.846,2.0
19.236,72.849,2.2
19.236,72.852,3.2
19.236,72.855,2.3
19.236,72.858,2.9
19.236,72.861,3.0
19.236,72.864,2.7
19.236,72.867,3.2
19.236,72.87,2.9
19.236,72.873,3.6
19.236,72.876,3.1
19.236,72.879,3.8
19.236,72.882,4.5
19.236,72.885,4.5
19.236,72.888,4.4
19.236,72.891,3.8
19.236,72.894,4.1
19.236,72.897,4.1
19.236,72.9,5.2
19.236,72.903,5.5
19.236,72.906,4.6
19.236,72.909,4.5
19.236,72.912,5.6
19.236,72.915,4.6
19.236,72.918,5.7
19.236,72.921,6.0
19.236,72.924,5.7
19.236,72.927,5.1
19.236,72.93,6.4
19.236,72.933,6.8
19.236,72.936,7.0
19.236,72.939,5.8
19.236,72.942,6.2
19.236,72.945,6.4
19.236,72.948,6.9
19.236,72.951,6.7
19.236,72.954,7.0
19.236,72.957,6.7
19.236,72.96,6.4
19.236,72.963,7.7
19.236,72.966,7.3
19.236,72.969,6.9
19.236,72.972,7.2
19.236,72.975,7.1
19.236,72.978,7.5
19.239,72.78,1.4
19.239,72.783,1.2
19.239,72.786,0.8
19.239,72.789,2.0
19.239,72.792,1.4
19.239,72.795,1.9
19.239,72.798,1.2
19.239,72.801,0.8
19.239,72.804,0.8
19.239,72.807,1.6
19.239,72.81,1.6
19.239,72.813,1.0
19.239,72.816,1.2
19.239,72.819,1.4
19.239,72.822,2.2
19.239,72.825,2.2
19.239,72.828,1.5
19.239,72.831,1.6
19.239,72.834,2.8
19.239,72.837,2.1
19.239,72.84,2.6
19.239,72.843,2.4
19.239,72.846,2.6
19.239,72.849,3.5
19.239,72.852,3.2
19.239,72.855,3.4
19.239,72.858,2.6
19.239,72.861,2.6
19.239,72.864,3.2
19.239,72.867,2.9
19.239,72.87,4.3
19.239,72.873,3.2
19.239,72.876,4.3
19.239,72.879,4.3
19.239,72.882,3.8
19.239,72.885,4.5
19.239,72.888,3.9
19.239,72.891,4.6
19.239,72.894,4.2
19.239,72.897,4.6
19.239,72.9,5.0
19.239,72.903,4.5
19.239,72.906,5.7
19.239,72.909,5.7
19.239,72.912,4.8
19.239,72.915,4.6
19.239,72.918,4.7
19.239,72.921,6.2
19.239,72.924,6.3
19.239,72.927,5.4
19.239,72.93,6.7
19.239,72.933,5.9
19.239,72.936,6.0
19.239,72.939,7.1
19.239,72.942,6.6
19.239,72.945,6.1
19.239,72.948,6.7
19.239,72.951,6.9
19.239,72.954,6.6
19.239,72.957,7.9
19.239,72.96,7.8
19.239,72.963,6.9
19.239,72.966,7.6
19.239,72.969,8.2
19.239,72.972,8.2
19.239,72.975,8.0
19.239,72.978,8.5
19.242,72.78,2.1
19.242,72.783,2.1
19.242,72.786,1.1
19.242,72.789,1.2
19.242,72.792,1.5
19.242,72.795,0.9
19.242,72.798,0.8
19.242,72.801,0.9
19.242,72.804,0.9
19.242,72.807,1.3
19.242,72.81,2.0
19.242,72.813,0.8
19.242,72.816,1.3
19.242,72.819,0.8
19.242,72.822,2.1
19.242,72.825,2.4
19.242,72.828,1.6
19.242,72.831,1.7
19.242,72.834,2.8
19.242,72.837,2.9
19.242,72.84,2.9
19.242,72.843,2.0
19.242,72.846,3.3
19.242,72.849,3.2
19.242,72.852,3.2
19.242,72.855,2.2
19.242,72.858,3.8
19.242,72.861,3.2
19.242,72.864,2.6
19.242,72.867,2.8
19.242,72.87,3.2
19.242,72.873,4.3
19.242,72.876,4.0
19.242,72.879,4.1
19.242,72.882,3.7
19.242,72.885,4.5
19.242,72.888,4.3
19.242,72.891,4.8
19.242,72.894,4.0
19.242,72.897,4.0
19.242,72.9,5.1
19.242,72.903,4.2
19.242,72.906,5.0
19.242,72.909,5.7
19.242,72.912,5.1
19.242,72.915,6.2
19.242,72.918,5.6
19.242,72.921,4.9
19.242,72.924,5.1
19.242,72.927,6.3
19.242,72.93,5.6
19.242,72.933,5.8
19.242,72.936,6.2
19.242,72.939,6.8
19.242,72.942,5.7
19.242,72.945,6.2
19.242,72.948,7.3
19.242,72.951,6.4
19.242,72.954,6.9
19.242,72.957,6.3
19.242,72.96,7.4
19.242,72.963,7.9
19.242,72.966,8.0
19.242,72.969,7.5
19.242,72.972,8.4
19.242,72.975,7.8
19.242,72.978,7.5
19.245,72.78,2.0
19.245,72.783,0.8
19.245,72.786,1.2
19.245,72.789,1.6
19.245,72.792,1.3
19.245,72.795,1.4
19.245,72.798,0.9
19.245,72.801,1.7
19.245,72.804,1.2
19.245,72.807,1.5
19.245,72.81,0.8
19.245,72.813,1.8
19.245,72.816,1.2
19.245,72.819,1.0
19.245,72.822,1.5
19.245,72.825,1.7
19.245,72.828,1.7
19.245,72.831,1.7
19.245,72.834,2.7
19.245,72.837,2.7
19.245,72.84,2.4
19.245,72.843,2.6
19.245,72.846,2.4
19.245,72.849,2.7
19.245,72.852,3.0
19.245,72.855,3.6
19.245,72.858,2.9
19.245,72.861,3.0
19.245,72.864,3.3
19.245,72.867,3.9
19.245,72.87,4.2
19.245,72.873,3.2
19.245,72.876,3.1
19.245,72.879,4.0
19.245,72.882,4.7
19.245,72.885,4.4
19.245,72.888,4.5
19.245,72.891,4.5
19.245,72.894,5.1
19.245,72.897,4.1
19.245,72.9,5.3
19.245,72.903,4.3
19.245,72.906,5.5
19.245,72.909,4.7
19.245,72.912,5.6
19.245,72.915,4.7
19.245,72.918,5.4
19.245,72.921,5.0
19.245,72.924,5.8
19.245,72.927,5.1
19.245,72.93,5.4
19.245,72.933,5.3
19.245,72.936,6.9
19.245,72.939,6.6
19.245,72.942,5.9
19.245,72.945,6.2
19.245,72.948,7.1
19.245,72.951,6.6
19.245,72.954,6.3
19.245,72.957,7.5
19.245,72.96,7.7
19.245,72.963,7.4
19.245,72.966,7.3
19.245,72.969,7.8
19.245,72.972,7.5
19.245,72.975,7.9
19.245,72.978,8.3
19.248,72.78,1.7
19.248,72.783,2.2
19.248,72.786,1.0
19.248,72.789,1.6
19.248,72.792,0.8
19.248,72.795,1.7
19.248,72.798,1.8
19.248,72.801,1.7
19.248,72.804,2.0
19.248,72.807,2.2
19.248,72.81,1.9
19.248,72.813,1.4
19.248,72.816,2.1
19.248,72.819,1.9
19.248,72.822,1.4
19.248,72.825,2.2
19.248,72.828,1.6
19.248,72.831,1.6
19.248,72.834,2.4
19.248,72.837,3.0
19.248,72.84,1.9
19.248,72.843,1.7
19.248,72.846,2.3
19.248,72.849,2.3
19.248,72.852,3.4
19.248,72.855,3.3
19.248,72.858,2.4
19.248,72.861,3.2
19.248,72.864,2.8
19.248,72.867,4.2
19.248,72.87,3.9
19.248,72.873,2.9
19.248,72.876,4.0
19.248,72.879,3.7
19.248,72.882,3.9
19.248,72.885,3.9
19.248,72.888,4.5
19.248,72.891,5.1
19.248,72.894,4.8
19.248,72.897,4.8
19.248,72.9,5.1
19.248,72.903,5.7
19.248,72.906,5.0
19.248,72.909,4.9
19.248,72.912,4.9
19.248,72.915,5.4
19.248,72.918,6.0
19.248,72.921,6.0
19.248,72.924,6.2
19.248,72.927,5.8
19.248,72.93,6.1
19.248,72.933,6.7
19.248,72.936,7.0
19.248,72.939,6.7
19.248,72.942,7.3
19.248,72.945,6.4
19.248,72.948,7.5
19.248,72.951,7.3
19.248,72.954,6.3
19.248,72.957,6.7
19.248,72.96,6.5
19.248,72.963,6.9
19.248,72.966,8.0
19.248,72.969,7.8
19.248,72.972,7.0
19.248,72.975,7.6
19.248,72.978,7.7
